,date_time,temp
0,2020-07-01 01:00:00,28.5
1,2020-07-01 04:00:00,28.3
2,2020-07-01 07:00:00,28.7
3,2020-07-01 10:00:00,29.7
4,2020-07-01 13:00:00,30.8
5,2020-07-01 16:00:00,29.5
6,2020-07-01 19:00:00,29.2
7,2020-07-01 22:00:00,28.7
8,2020-07-02 01:00:00,28.5
9,2020-07-02 04:00:00,28.4
10,2020-07-02 07:00:00,28.3
11,2020-07-02 10:00:00,30.8
12,2020-07-02 13:00:00,32.7
13,2020-07-02 16:00:00,31.6
14,2020-07-02 19:00:00,28.4
15,2020-07-02 22:00:00,29.1
16,2020-07-03 01:00:00,28.7
17,2020-07-03 04:00:00,28.3
18,2020-07-03 07:00:00,28.8
19,2020-07-03 10:00:00,29.2
20,2020-07-03 13:00:00,30.2
21,2020-07-03 16:00:00,29.7
22,2020-07-03 19:00:00,28.0
23,2020-07-03 22:00:00,27.2
24,2020-07-04 01:00:00,27.5
25,2020-07-04 04:00:00,27.4
26,2020-07-04 07:00:00,27.9
27,2020-07-04 10:00:00,29.8
28,2020-07-04 13:00:00,29.9
29,2020-07-04 16:00:00,26.5
30,2020-07-04 19:00:00,27.8
31,2020-07-04 22:00:00,27.9
32,2020-07-05 01:00:00,27.6
33,2020-07-05 04:00:00,27.2
34,2020-07-05 07:00:00,27.5
35,2020-07-05 10:00:00,28.5
36,2020-07-05 13:00:00,29.7
37,2020-07-05 16:00:00,30.6
38,2020-07-05 19:00:00,29.1
39,2020-07-05 22:00:00,28.1
40,2020-07-06 01:00:00,27.5
41,2020-07-06 04:00:00,27.2
42,2020-07-06 07:00:00,27.4
43,2020-07-06 10:00:00,29.4
44,2020-07-06 13:00:00,32.5
45,2020-07-06 16:00:00,32.4
46,2020-07-06 19:00:00,30.9
47,2020-07-06 22:00:00,29.4
48,2020-07-07 01:00:00,28.9
49,2020-07-07 04:00:00,28.2
50,2020-07-07 07:00:00,28.5
51,2020-07-07 10:00:00,31.3
52,2020-07-07 13:00:00,32.8
53,2020-07-07 16:00:00,32.6
54,2020-07-07 19:00:00,30.3
55,2020-07-07 22:00:00,29.7
56,2020-07-08 01:00:00,28.9
57,2020-07-08 04:00:00,28.3
58,2020-07-08 07:00:00,28.3
59,2020-07-08 10:00:00,31.4
60,2020-07-08 13:00:00,32.3
61,2020-07-08 16:00:00,32.1
62,2020-07-08 19:00:00,30.0
63,2020-07-08 22:00:00,30.0
64,2020-07-09 01:00:00,28.9
65,2020-07-09 04:00:00,28.3
66,2020-07-09 07:00:00,28.8
67,2020-07-09 10:00:00,30.7
68,2020-07-09 13:00:00,32.5
69,2020-07-09 16:00:00,32.6
70,2020-07-09 19:00:00,31.1
71,2020-07-09 22:00:00,29.9
72,2020-07-10 01:00:00,29.4
73,2020-07-10 04:00:00,28.8
74,2020-07-10 07:00:00,29.0
75,2020-07-10 10:00:00,31.8
76,2020-07-10 13:00:00,33.5
77,2020-07-10 16:00:00,33.5
78,2020-07-10 19:00:00,33.5
79,2020-07-10 22:00:00,33.5
80,2020-07-11 01:00:00,33.5
81,2020-07-11 04:00:00,33.5
82,2020-07-11 07:00:00,28.3
83,2020-07-11 10:00:00,31.0
84,2020-07-11 13:00:00,33.0
85,2020-07-11 16:00:00,33.1
86,2020-07-11 19:00:00,33.1
87,2020-07-11 22:00:00,30.4
88,2020-07-12 01:00:00,29.6
89,2020-07-12 04:00:00,29.1
90,2020-07-12 07:00:00,29.2
91,2020-07-12 10:00:00,31.2
92,2020-07-12 13:00:00,32.5
93,2020-07-12 16:00:00,32.3
94,2020-07-12 19:00:00,30.8
95,2020-07-12 22:00:00,29.9
96,2020-07-13 01:00:00,29.6
97,2020-07-13 04:00:00,29.1
98,2020-07-13 07:00:00,28.4
99,2020-07-13 10:00:00,29.3
100,2020-07-13 13:00:00,31.6
101,2020-07-13 16:00:00,31.3
102,2020-07-13 19:00:00,28.8
103,2020-07-13 22:00:00,28.8
104,2020-07-14 01:00:00,28.0
105,2020-07-14 04:00:00,27.6
106,2020-07-14 07:00:00,26.6
107,2020-07-14 10:00:00,27.0
108,2020-07-14 13:00:00,29.0
109,2020-07-14 16:00:00,29.2
110,2020-07-14 19:00:00,29.2
111,2020-07-14 22:00:00,29.2
112,2020-07-15 01:00:00,27.5
113,2020-07-15 04:00:00,27.3
114,2020-07-15 07:00:00,27.6
115,2020-07-15 10:00:00,29.2
116,2020-07-15 13:00:00,31.1
117,2020-07-15 16:00:00,31.1
118,2020-07-15 19:00:00,30.1
119,2020-07-15 22:00:00,28.9
120,2020-07-16 01:00:00,28.1
121,2020-07-16 04:00:00,28.0
122,2020-07-16 07:00:00,27.7
123,2020-07-16 10:00:00,30.6
124,2020-07-16 13:00:00,32.6
125,2020-07-16 16:00:00,32.6
126,2020-07-16 19:00:00,29.3
127,2020-07-16 22:00:00,28.6
128,2020-07-17 01:00:00,27.8
129,2020-07-17 04:00:00,28.0
130,2020-07-17 07:00:00,28.1
131,2020-07-17 10:00:00,30.6
132,2020-07-17 13:00:00,32.3
133,2020-07-17 16:00:00,32.8
134,2020-07-17 19:00:00,31.2
135,2020-07-17 22:00:00,29.9
136,2020-07-18 01:00:00,29.5
137,2020-07-18 04:00:00,28.7
138,2020-07-18 07:00:00,28.9
139,2020-07-18 10:00:00,31.5
140,2020-07-18 13:00:00,32.7
141,2020-07-18 16:00:00,32.8
142,2020-07-18 19:00:00,30.8
143,2020-07-18 22:00:00,30.1
144,2020-07-19 01:00:00,29.4
145,2020-07-19 04:00:00,29.1
146,2020-07-19 07:00:00,29.4
147,2020-07-19 10:00:00,31.5
148,2020-07-19 13:00:00,32.8
149,2020-07-19 16:00:00,32.8
150,2020-07-19 19:00:00,30.9
151,2020-07-19 22:00:00,29.9
152,2020-07-20 01:00:00,29.3
153,2020-07-20 04:00:00,29.2
154,2020-07-20 07:00:00,29.3
155,2020-07-20 10:00:00,31.5
156,2020-07-20 13:00:00,33.4
157,2020-07-20 16:00:00,32.9
158,2020-07-20 19:00:00,31.1
159,2020-07-20 22:00:00,30.1
160,2020-07-21 01:00:00,29.1
161,2020-07-21 04:00:00,29.1
162,2020-07-21 07:00:00,28.9
163,2020-07-21 10:00:00,30.7
164,2020-07-21 13:00:00,31.9
165,2020-07-21 16:00:00,31.7
166,2020-07-21 19:00:00,29.0
167,2020-07-21 22:00:00,28.0
168,2020-07-22 01:00:00,27.5
169,2020-07-22 04:00:00,27.1
170,2020-07-22 07:00:00,27.4
171,2020-07-22 10:00:00,30.8
172,2020-07-22 13:00:00,32.3
173,2020-07-22 16:00:00,32.0
174,2020-07-22 19:00:00,30.0
175,2020-07-22 22:00:00,29.6
176,2020-07-23 01:00:00,29.0
177,2020-07-23 04:00:00,28.4
178,2020-07-23 07:00:00,28.6
179,2020-07-23 10:00:00,31.6
180,2020-07-23 13:00:00,32.9
181,2020-07-23 16:00:00,32.3
182,2020-07-23 19:00:00,30.8
183,2020-07-23 22:00:00,29.7
184,2020-07-24 01:00:00,29.3
185,2020-07-24 04:00:00,28.9
186,2020-07-24 07:00:00,29.1
187,2020-07-24 10:00:00,29.1
188,2020-07-24 13:00:00,29.1
189,2020-07-24 16:00:00,29.1
190,2020-07-24 19:00:00,29.7
191,2020-07-24 22:00:00,29.4
192,2020-07-25 01:00:00,28.7
193,2020-07-25 04:00:00,28.3
194,2020-07-25 07:00:00,28.5
195,2020-07-25 10:00:00,30.7
196,2020-07-25 13:00:00,32.3
197,2020-07-25 16:00:00,31.9
198,2020-07-25 19:00:00,30.0
199,2020-07-25 22:00:00,29.5
200,2020-07-26 01:00:00,28.9
201,2020-07-26 04:00:00,28.6
202,2020-07-26 07:00:00,28.8
203,2020-07-26 10:00:00,30.8
204,2020-07-26 13:00:00,32.7
205,2020-07-26 16:00:00,33.0
206,2020-07-26 19:00:00,30.5
207,2020-07-26 22:00:00,29.6
208,2020-07-27 01:00:00,29.1
209,2020-07-27 04:00:00,28.7
210,2020-07-27 07:00:00,28.7
211,2020-07-27 10:00:00,31.3
212,2020-07-27 13:00:00,32.8
213,2020-07-27 16:00:00,32.6
214,2020-07-27 19:00:00,30.9
215,2020-07-27 22:00:00,29.8
216,2020-07-28 01:00:00,29.7
217,2020-07-28 04:00:00,29.2
218,2020-07-28 07:00:00,28.6
219,2020-07-28 10:00:00,31.4
220,2020-07-28 13:00:00,32.7
221,2020-07-28 16:00:00,32.7
222,2020-07-28 19:00:00,31.2
223,2020-07-28 22:00:00,30.2
224,2020-07-29 01:00:00,29.6
225,2020-07-29 04:00:00,28.7
226,2020-07-29 07:00:00,28.3
227,2020-07-29 10:00:00,31.3
228,2020-07-29 13:00:00,33.5
229,2020-07-29 16:00:00,33.8
230,2020-07-29 19:00:00,30.1
231,2020-07-29 22:00:00,28.7
232,2020-07-30 01:00:00,28.4
233,2020-07-30 04:00:00,27.9
234,2020-07-30 07:00:00,28.0
235,2020-07-30 10:00:00,30.8
236,2020-07-30 13:00:00,32.5
237,2020-07-30 16:00:00,33.0
238,2020-07-30 19:00:00,31.3
239,2020-07-30 22:00:00,29.8
240,2020-07-31 01:00:00,28.7
241,2020-07-31 04:00:00,28.0
242,2020-07-31 07:00:00,28.2
243,2020-07-31 10:00:00,30.9
244,2020-07-31 13:00:00,32.9
245,2020-07-31 16:00:00,33.5
246,2020-07-31 19:00:00,31.6
247,2020-07-31 22:00:00,29.5
248,2020-08-01 01:00:00,28.8
249,2020-08-01 04:00:00,28.3
250,2020-08-01 07:00:00,28.5
251,2020-08-01 10:00:00,29.2
252,2020-08-01 13:00:00,31.6
253,2020-08-01 16:00:00,29.6
254,2020-08-01 19:00:00,30.0
255,2020-08-01 22:00:00,28.7
256,2020-08-02 01:00:00,28.3
257,2020-08-02 04:00:00,28.1
258,2020-08-02 07:00:00,28.2
259,2020-08-02 10:00:00,28.6
260,2020-08-02 13:00:00,27.7
261,2020-08-02 16:00:00,27.1
262,2020-08-02 19:00:00,27.4
263,2020-08-02 22:00:00,26.5
264,2020-08-03 01:00:00,27.1
265,2020-08-03 04:00:00,27.0
266,2020-08-03 07:00:00,27.9
267,2020-08-03 10:00:00,29.6
268,2020-08-03 13:00:00,31.6
269,2020-08-03 16:00:00,30.6
270,2020-08-03 19:00:00,29.8
271,2020-08-03 22:00:00,29.2
272,2020-08-04 01:00:00,29.1
273,2020-08-04 04:00:00,28.9
274,2020-08-04 07:00:00,28.9
275,2020-08-04 10:00:00,31.2
276,2020-08-04 13:00:00,31.5
277,2020-08-04 16:00:00,31.1
278,2020-08-04 19:00:00,28.7
279,2020-08-04 22:00:00,28.4
280,2020-08-05 01:00:00,26.7
281,2020-08-05 04:00:00,26.1
282,2020-08-05 07:00:00,27.7
283,2020-08-05 10:00:00,28.6
284,2020-08-05 13:00:00,29.9
285,2020-08-05 16:00:00,29.3
286,2020-08-05 19:00:00,28.2
287,2020-08-05 22:00:00,27.9
288,2020-08-06 01:00:00,28.0
289,2020-08-06 04:00:00,27.5
290,2020-08-06 07:00:00,27.8
291,2020-08-06 10:00:00,29.1
292,2020-08-06 13:00:00,31.1
293,2020-08-06 16:00:00,31.4
294,2020-08-06 19:00:00,29.2
295,2020-08-06 22:00:00,27.4
296,2020-08-07 01:00:00,27.8
297,2020-08-07 04:00:00,27.6
298,2020-08-07 07:00:00,27.3
299,2020-08-07 10:00:00,27.8
300,2020-08-07 13:00:00,28.6
301,2020-08-07 16:00:00,30.0
302,2020-08-07 19:00:00,28.5
303,2020-08-07 22:00:00,28.2
304,2020-08-08 01:00:00,27.9
305,2020-08-08 04:00:00,27.5
306,2020-08-08 07:00:00,27.2
307,2020-08-08 10:00:00,30.4
308,2020-08-08 13:00:00,31.6
309,2020-08-08 16:00:00,31.3
310,2020-08-08 19:00:00,29.1
311,2020-08-08 22:00:00,29.1
312,2020-08-09 01:00:00,28.6
313,2020-08-09 04:00:00,28.1
314,2020-08-09 07:00:00,27.8
315,2020-08-09 10:00:00,28.3
316,2020-08-09 13:00:00,31.6
317,2020-08-09 16:00:00,30.8
318,2020-08-09 19:00:00,29.6
319,2020-08-09 22:00:00,28.8
320,2020-08-10 01:00:00,28.8
321,2020-08-10 04:00:00,28.3
322,2020-08-10 07:00:00,27.9
323,2020-08-10 10:00:00,30.0
324,2020-08-10 13:00:00,31.6
325,2020-08-10 16:00:00,31.7
326,2020-08-10 19:00:00,29.9
327,2020-08-10 22:00:00,28.8
328,2020-08-11 01:00:00,28.3
329,2020-08-11 04:00:00,28.0
330,2020-08-11 07:00:00,28.4
331,2020-08-11 10:00:00,30.0
332,2020-08-11 13:00:00,31.2
333,2020-08-11 16:00:00,30.5
334,2020-08-11 19:00:00,29.3
335,2020-08-11 22:00:00,29.1
336,2020-08-12 01:00:00,28.6
337,2020-08-12 04:00:00,28.1
338,2020-08-12 07:00:00,28.3
339,2020-08-12 10:00:00,30.9
340,2020-08-12 13:00:00,31.5
341,2020-08-12 16:00:00,31.4
342,2020-08-12 19:00:00,29.2
343,2020-08-12 22:00:00,28.1
344,2020-08-13 01:00:00,27.3
345,2020-08-13 04:00:00,26.5
346,2020-08-13 07:00:00,27.4
347,2020-08-13 10:00:00,28.0
348,2020-08-13 13:00:00,30.2
349,2020-08-13 16:00:00,29.6
350,2020-08-13 19:00:00,28.6
351,2020-08-13 22:00:00,27.3
352,2020-08-14 01:00:00,27.2
353,2020-08-14 04:00:00,26.6
354,2020-08-14 07:00:00,27.2
355,2020-08-14 10:00:00,29.3
356,2020-08-14 13:00:00,30.6
357,2020-08-14 16:00:00,28.9
358,2020-08-14 19:00:00,26.7
359,2020-08-14 22:00:00,27.3
360,2020-08-15 01:00:00,27.3
361,2020-08-15 04:00:00,27.3
362,2020-08-15 07:00:00,26.7
363,2020-08-15 10:00:00,27.8
364,2020-08-15 13:00:00,28.0
365,2020-08-15 16:00:00,27.3
366,2020-08-15 19:00:00,26.9
367,2020-08-15 22:00:00,27.0
368,2020-08-16 01:00:00,26.3
369,2020-08-16 04:00:00,26.2
370,2020-08-16 07:00:00,26.8
371,2020-08-16 10:00:00,29.5
372,2020-08-16 13:00:00,30.5
373,2020-08-16 16:00:00,30.1
374,2020-08-16 19:00:00,28.6
375,2020-08-16 22:00:00,28.4
376,2020-08-17 01:00:00,27.9
377,2020-08-17 04:00:00,27.6
378,2020-08-17 07:00:00,27.3
379,2020-08-17 10:00:00,30.1
380,2020-08-17 13:00:00,31.6
381,2020-08-17 16:00:00,32.0
382,2020-08-17 19:00:00,29.1
383,2020-08-17 22:00:00,28.9
384,2020-08-18 01:00:00,28.5
385,2020-08-18 04:00:00,27.4
386,2020-08-18 07:00:00,27.5
387,2020-08-18 10:00:00,30.5
388,2020-08-18 13:00:00,32.1
389,2020-08-18 16:00:00,32.4
390,2020-08-18 19:00:00,30.6
391,2020-08-18 22:00:00,29.2
392,2020-08-19 01:00:00,28.5
393,2020-08-19 04:00:00,26.5
394,2020-08-19 07:00:00,26.9
395,2020-08-19 10:00:00,28.6
396,2020-08-19 13:00:00,30.3
397,2020-08-19 16:00:00,30.5
398,2020-08-19 19:00:00,29.6
399,2020-08-19 22:00:00,29.2
400,2020-08-20 01:00:00,28.3
401,2020-08-20 04:00:00,26.5
402,2020-08-20 07:00:00,27.0
403,2020-08-20 10:00:00,29.7
404,2020-08-20 13:00:00,31.8
405,2020-08-20 16:00:00,32.0
406,2020-08-20 19:00:00,29.7
407,2020-08-20 22:00:00,29.5
408,2020-08-21 01:00:00,28.9
409,2020-08-21 04:00:00,27.8
410,2020-08-21 07:00:00,27.9
411,2020-08-21 10:00:00,30.4
412,2020-08-21 13:00:00,31.8
413,2020-08-21 16:00:00,30.0
414,2020-08-21 19:00:00,26.3
415,2020-08-21 22:00:00,27.2
416,2020-08-22 01:00:00,27.4
417,2020-08-22 04:00:00,27.2
418,2020-08-22 07:00:00,27.6
419,2020-08-22 10:00:00,30.0
420,2020-08-22 13:00:00,30.9
421,2020-08-22 16:00:00,30.8
422,2020-08-22 19:00:00,29.0
423,2020-08-22 22:00:00,28.6
424,2020-08-23 01:00:00,28.1
425,2020-08-23 04:00:00,27.7
426,2020-08-23 07:00:00,27.7
427,2020-08-23 10:00:00,30.3
428,2020-08-23 13:00:00,31.3
429,2020-08-23 16:00:00,31.3
430,2020-08-23 19:00:00,28.9
431,2020-08-23 22:00:00,28.5
432,2020-08-24 01:00:00,28.1
433,2020-08-24 04:00:00,27.4
434,2020-08-24 07:00:00,27.5
435,2020-08-24 10:00:00,30.2
436,2020-08-24 13:00:00,31.4
437,2020-08-24 16:00:00,31.8
438,2020-08-24 19:00:00,30.4
439,2020-08-24 22:00:00,29.5
440,2020-08-25 01:00:00,28.5
441,2020-08-25 04:00:00,28.1
442,2020-08-25 07:00:00,27.9
443,2020-08-25 10:00:00,30.8
444,2020-08-25 13:00:00,32.9
445,2020-08-25 16:00:00,32.8
446,2020-08-25 19:00:00,31.1
447,2020-08-25 22:00:00,29.4
448,2020-08-26 01:00:00,29.0
449,2020-08-26 04:00:00,28.5
450,2020-08-26 07:00:00,28.1
451,2020-08-26 10:00:00,31.0
452,2020-08-26 13:00:00,33.4
453,2020-08-26 16:00:00,33.6
454,2020-08-26 19:00:00,31.7
455,2020-08-26 22:00:00,30.0
456,2020-08-27 01:00:00,29.2
457,2020-08-27 04:00:00,27.4
458,2020-08-27 07:00:00,27.1
459,2020-08-27 10:00:00,30.7
460,2020-08-27 13:00:00,32.7
461,2020-08-27 16:00:00,33.3
462,2020-08-27 19:00:00,30.5
463,2020-08-27 22:00:00,29.5
464,2020-08-28 01:00:00,29.4
465,2020-08-28 04:00:00,28.0
466,2020-08-28 07:00:00,27.5
467,2020-08-28 10:00:00,29.6
468,2020-08-28 13:00:00,32.8
469,2020-08-28 16:00:00,28.1
470,2020-08-28 19:00:00,26.8
471,2020-08-28 22:00:00,27.1
472,2020-08-29 01:00:00,27.2
473,2020-08-29 04:00:00,26.7
474,2020-08-29 07:00:00,27.5
475,2020-08-29 10:00:00,30.1
476,2020-08-29 13:00:00,32.1
477,2020-08-29 16:00:00,32.6
478,2020-08-29 19:00:00,30.5
479,2020-08-29 22:00:00,29.5
480,2020-08-30 01:00:00,28.9
481,2020-08-30 04:00:00,28.3
482,2020-08-30 07:00:00,28.3
483,2020-08-30 10:00:00,31.0
484,2020-08-30 13:00:00,32.7
485,2020-08-30 16:00:00,32.2
486,2020-08-30 19:00:00,30.2
487,2020-08-30 22:00:00,29.3
488,2020-08-31 01:00:00,28.6
489,2020-08-31 04:00:00,28.0
490,2020-08-31 07:00:00,28.3
491,2020-08-31 10:00:00,31.1
492,2020-08-31 13:00:00,32.3
493,2020-08-31 16:00:00,31.6
494,2020-08-31 19:00:00,29.9
495,2020-08-31 22:00:00,29.1
496,2020-09-01 01:00:00,28.5
497,2020-09-01 04:00:00,27.7
498,2020-09-01 07:00:00,26.3
499,2020-09-01 10:00:00,27.6
500,2020-09-01 13:00:00,31.0
501,2020-09-01 16:00:00,31.0
502,2020-09-01 19:00:00,29.3
503,2020-09-01 22:00:00,28.9
504,2020-09-02 01:00:00,28.5
505,2020-09-02 04:00:00,28.1
506,2020-09-02 07:00:00,27.8
507,2020-09-02 10:00:00,30.4
508,2020-09-02 13:00:00,32.5
509,2020-09-02 16:00:00,32.5
510,2020-09-02 19:00:00,30.9
511,2020-09-02 22:00:00,29.6
512,2020-09-03 01:00:00,27.7
513,2020-09-03 04:00:00,27.9
514,2020-09-03 07:00:00,27.7
515,2020-09-03 10:00:00,30.8
516,2020-09-03 13:00:00,32.3
517,2020-09-03 16:00:00,32.1
518,2020-09-03 19:00:00,30.5
519,2020-09-03 22:00:00,30.2
520,2020-09-04 01:00:00,30.2
521,2020-09-04 04:00:00,28.6
522,2020-09-04 07:00:00,28.6
523,2020-09-04 10:00:00,31.5
524,2020-09-04 13:00:00,32.7
525,2020-09-04 16:00:00,32.5
526,2020-09-04 19:00:00,30.8
527,2020-09-04 22:00:00,29.9
528,2020-09-05 01:00:00,29.2
529,2020-09-05 04:00:00,28.6
530,2020-09-05 07:00:00,28.9
531,2020-09-05 10:00:00,31.5
532,2020-09-05 13:00:00,32.5
533,2020-09-05 16:00:00,32.2
534,2020-09-05 19:00:00,30.3
535,2020-09-05 22:00:00,29.8
536,2020-09-06 01:00:00,29.1
537,2020-09-06 04:00:00,28.9
538,2020-09-06 07:00:00,28.8
539,2020-09-06 10:00:00,31.1
540,2020-09-06 13:00:00,32.6
541,2020-09-06 16:00:00,32.6
542,2020-09-06 19:00:00,30.4
543,2020-09-06 22:00:00,30.0
544,2020-09-07 01:00:00,29.5
545,2020-09-07 04:00:00,28.5
546,2020-09-07 07:00:00,28.6
547,2020-09-07 10:00:00,30.9
548,2020-09-07 13:00:00,32.5
549,2020-09-07 16:00:00,32.5
550,2020-09-07 19:00:00,30.5
551,2020-09-07 22:00:00,30.0
552,2020-09-08 01:00:00,29.4
553,2020-09-08 04:00:00,28.9
554,2020-09-08 07:00:00,28.8
555,2020-09-08 10:00:00,31.1
556,2020-09-08 13:00:00,32.9
557,2020-09-08 16:00:00,32.1
558,2020-09-08 19:00:00,30.6
559,2020-09-08 22:00:00,29.5
560,2020-09-09 01:00:00,29.0
561,2020-09-09 04:00:00,28.6
562,2020-09-09 07:00:00,28.9
563,2020-09-09 10:00:00,31.1
564,2020-09-09 13:00:00,32.9
565,2020-09-09 16:00:00,32.0
566,2020-09-09 19:00:00,30.4
567,2020-09-09 22:00:00,29.6
568,2020-09-10 01:00:00,29.0
569,2020-09-10 04:00:00,28.5
570,2020-09-10 07:00:00,28.9
571,2020-09-10 10:00:00,30.9
572,2020-09-10 13:00:00,33.1
573,2020-09-10 16:00:00,32.6
574,2020-09-10 19:00:00,30.6
575,2020-09-10 22:00:00,29.7
576,2020-09-11 01:00:00,29.3
577,2020-09-11 04:00:00,29.1
578,2020-09-11 07:00:00,28.9
579,2020-09-11 10:00:00,30.8
580,2020-09-11 13:00:00,32.9
581,2020-09-11 16:00:00,32.0
582,2020-09-11 19:00:00,30.0
583,2020-09-11 22:00:00,29.7
584,2020-09-12 01:00:00,29.3
585,2020-09-12 04:00:00,28.6
586,2020-09-12 07:00:00,28.8
587,2020-09-12 10:00:00,31.6
588,2020-09-12 13:00:00,32.4
589,2020-09-12 16:00:00,32.4
590,2020-09-12 19:00:00,30.4
591,2020-09-12 22:00:00,29.8
592,2020-09-13 01:00:00,29.3
593,2020-09-13 04:00:00,28.8
594,2020-09-13 07:00:00,28.8
595,2020-09-13 10:00:00,31.5
596,2020-09-13 13:00:00,32.1
597,2020-09-13 16:00:00,32.3
598,2020-09-13 19:00:00,30.5
599,2020-09-13 22:00:00,29.7
600,2020-09-14 01:00:00,29.0
601,2020-09-14 04:00:00,28.4
602,2020-09-14 07:00:00,28.7
603,2020-09-14 10:00:00,31.0
604,2020-09-14 13:00:00,32.2
605,2020-09-14 16:00:00,31.7
606,2020-09-14 19:00:00,30.0
607,2020-09-14 22:00:00,29.6
608,2020-09-15 01:00:00,29.1
609,2020-09-15 04:00:00,29.1
610,2020-09-15 07:00:00,29.1
611,2020-09-15 10:00:00,29.1
612,2020-09-15 13:00:00,32.3
613,2020-09-15 16:00:00,32.3
614,2020-09-15 19:00:00,32.3
615,2020-09-15 22:00:00,32.3
616,2020-09-16 01:00:00,29.3
617,2020-09-16 04:00:00,28.1
618,2020-09-16 07:00:00,28.1
619,2020-09-16 10:00:00,31.1
620,2020-09-16 13:00:00,32.8
621,2020-09-16 16:00:00,29.5
622,2020-09-16 19:00:00,29.3
623,2020-09-16 22:00:00,28.5
624,2020-09-17 01:00:00,28.3
625,2020-09-17 04:00:00,27.1
626,2020-09-17 07:00:00,27.5
627,2020-09-17 10:00:00,30.4
628,2020-09-17 13:00:00,32.4
629,2020-09-17 16:00:00,32.5
630,2020-09-17 19:00:00,30.5
631,2020-09-17 22:00:00,29.3
632,2020-09-18 01:00:00,28.4
633,2020-09-18 04:00:00,27.7
634,2020-09-18 07:00:00,27.7
635,2020-09-18 10:00:00,29.8
636,2020-09-18 13:00:00,29.7
637,2020-09-18 16:00:00,28.8
638,2020-09-18 19:00:00,28.0
639,2020-09-18 22:00:00,26.7
640,2020-09-19 01:00:00,25.7
641,2020-09-19 04:00:00,25.6
642,2020-09-19 07:00:00,26.2
643,2020-09-19 10:00:00,26.5
644,2020-09-19 13:00:00,27.8
645,2020-09-19 16:00:00,26.7
646,2020-09-19 19:00:00,26.5
647,2020-09-19 22:00:00,27.5
648,2020-09-20 01:00:00,28.0
649,2020-09-20 04:00:00,26.8
650,2020-09-20 07:00:00,26.9
651,2020-09-20 10:00:00,27.3
652,2020-09-20 13:00:00,28.4
653,2020-09-20 16:00:00,29.0
654,2020-09-20 19:00:00,27.5
655,2020-09-20 22:00:00,27.2
656,2020-09-21 01:00:00,27.0
657,2020-09-21 04:00:00,27.0
658,2020-09-21 07:00:00,27.0
659,2020-09-21 10:00:00,29.0
660,2020-09-21 13:00:00,30.8
661,2020-09-21 16:00:00,29.3
662,2020-09-21 19:00:00,29.0
663,2020-09-21 22:00:00,28.6
664,2020-09-22 01:00:00,28.2
665,2020-09-22 04:00:00,27.5
666,2020-09-22 07:00:00,26.9
667,2020-09-22 10:00:00,29.1
668,2020-09-22 13:00:00,31.0
669,2020-09-22 16:00:00,30.5
670,2020-09-22 19:00:00,30.5
671,2020-09-22 22:00:00,30.5
672,2020-09-23 01:00:00,28.3
673,2020-09-23 04:00:00,27.7
674,2020-09-23 07:00:00,28.0
675,2020-09-23 10:00:00,30.3
676,2020-09-23 13:00:00,31.9
677,2020-09-23 16:00:00,31.5
678,2020-09-23 19:00:00,29.1
679,2020-09-23 22:00:00,28.8
680,2020-09-24 01:00:00,27.3
681,2020-09-24 04:00:00,25.8
682,2020-09-24 07:00:00,26.3
683,2020-09-24 10:00:00,29.7
684,2020-09-24 13:00:00,30.6
685,2020-09-24 16:00:00,31.0
686,2020-09-24 19:00:00,29.4
687,2020-09-24 22:00:00,29.1
688,2020-09-25 01:00:00,28.7
689,2020-09-25 04:00:00,27.7
690,2020-09-25 07:00:00,27.7
691,2020-09-25 10:00:00,30.1
692,2020-09-25 13:00:00,31.7
693,2020-09-25 16:00:00,32.1
694,2020-09-25 19:00:00,30.2
695,2020-09-25 22:00:00,28.8
696,2020-09-26 01:00:00,28.3
697,2020-09-26 04:00:00,27.5
698,2020-09-26 07:00:00,27.7
699,2020-09-26 10:00:00,29.9
700,2020-09-26 13:00:00,31.7
701,2020-09-26 16:00:00,31.5
702,2020-09-26 19:00:00,30.0
703,2020-09-26 22:00:00,29.4
704,2020-09-27 01:00:00,28.5
705,2020-09-27 04:00:00,27.5
706,2020-09-27 07:00:00,27.7
707,2020-09-27 10:00:00,31.1
708,2020-09-27 13:00:00,33.2
709,2020-09-27 16:00:00,33.0
710,2020-09-27 19:00:00,29.6
711,2020-09-27 22:00:00,27.8
712,2020-09-28 01:00:00,26.9
713,2020-09-28 04:00:00,26.5
714,2020-09-28 07:00:00,26.9
715,2020-09-28 10:00:00,29.4
716,2020-09-28 13:00:00,29.7
717,2020-09-28 16:00:00,29.2
718,2020-09-28 19:00:00,28.0
719,2020-09-28 22:00:00,27.5
720,2020-09-29 01:00:00,26.7
721,2020-09-29 04:00:00,26.7
722,2020-09-29 07:00:00,26.5
723,2020-09-29 10:00:00,28.9
724,2020-09-29 13:00:00,29.3
725,2020-09-29 16:00:00,28.8
726,2020-09-29 19:00:00,28.2
727,2020-09-29 22:00:00,28.0
728,2020-09-30 01:00:00,27.8
729,2020-09-30 04:00:00,27.2
730,2020-09-30 07:00:00,27.4
731,2020-09-30 10:00:00,28.4
732,2020-09-30 13:00:00,30.4
733,2020-09-30 16:00:00,29.9
734,2020-09-30 19:00:00,28.4
735,2020-09-30 22:00:00,28.5
736,2020-10-01 01:00:00,27.8
737,2020-10-01 04:00:00,27.1
738,2020-10-01 07:00:00,27.2
739,2020-10-01 10:00:00,29.1
740,2020-10-01 13:00:00,31.4
741,2020-10-01 16:00:00,31.5
742,2020-10-01 19:00:00,29.9
743,2020-10-01 22:00:00,29.1
744,2020-10-02 01:00:00,28.3
745,2020-10-02 04:00:00,27.5
746,2020-10-02 07:00:00,27.5
747,2020-10-02 10:00:00,30.0
748,2020-10-02 13:00:00,31.7
749,2020-10-02 16:00:00,31.6
750,2020-10-02 19:00:00,29.3
751,2020-10-02 22:00:00,28.6
752,2020-10-03 01:00:00,28.4
753,2020-10-03 04:00:00,28.2
754,2020-10-03 07:00:00,27.5
755,2020-10-03 10:00:00,29.2
756,2020-10-03 13:00:00,30.4
757,2020-10-03 16:00:00,30.5
758,2020-10-03 19:00:00,29.0
759,2020-10-03 22:00:00,28.7
760,2020-10-04 01:00:00,28.2
761,2020-10-04 04:00:00,27.6
762,2020-10-04 07:00:00,27.5
763,2020-10-04 10:00:00,29.6
764,2020-10-04 13:00:00,31.1
765,2020-10-04 16:00:00,31.4
766,2020-10-04 19:00:00,28.9
767,2020-10-04 22:00:00,28.5
768,2020-10-05 01:00:00,28.4
769,2020-10-05 04:00:00,27.9
770,2020-10-05 07:00:00,27.2
771,2020-10-05 10:00:00,30.1
772,2020-10-05 13:00:00,32.0
773,2020-10-05 16:00:00,30.9
774,2020-10-05 19:00:00,29.2
775,2020-10-05 22:00:00,28.7
776,2020-10-06 01:00:00,28.2
777,2020-10-06 04:00:00,27.0
778,2020-10-06 07:00:00,27.3
779,2020-10-06 10:00:00,30.7
780,2020-10-06 13:00:00,32.3
781,2020-10-06 16:00:00,31.2
782,2020-10-06 19:00:00,29.7
783,2020-10-06 22:00:00,29.1
784,2020-10-07 01:00:00,27.8
785,2020-10-07 04:00:00,27.0
786,2020-10-07 07:00:00,27.3
787,2020-10-07 10:00:00,31.0
788,2020-10-07 13:00:00,32.2
789,2020-10-07 16:00:00,29.4
790,2020-10-07 19:00:00,27.9
791,2020-10-07 22:00:00,27.1
792,2020-10-08 01:00:00,26.1
793,2020-10-08 04:00:00,25.8
794,2020-10-08 07:00:00,25.6
795,2020-10-08 10:00:00,25.5
796,2020-10-08 13:00:00,25.0
797,2020-10-08 16:00:00,24.7
798,2020-10-08 19:00:00,24.2
799,2020-10-08 22:00:00,24.4
800,2020-10-09 01:00:00,24.8
801,2020-10-09 04:00:00,24.8
802,2020-10-09 07:00:00,25.3
803,2020-10-09 10:00:00,27.2
804,2020-10-09 13:00:00,27.2
805,2020-10-09 16:00:00,28.1
806,2020-10-09 19:00:00,26.7
807,2020-10-09 22:00:00,26.0
808,2020-10-10 01:00:00,24.8
809,2020-10-10 04:00:00,24.2
810,2020-10-10 07:00:00,24.5
811,2020-10-10 10:00:00,24.1
812,2020-10-10 13:00:00,25.0
813,2020-10-10 16:00:00,25.7
814,2020-10-10 19:00:00,24.7
815,2020-10-10 22:00:00,24.0
816,2020-10-11 01:00:00,24.2
817,2020-10-11 04:00:00,24.4
818,2020-10-11 07:00:00,24.4
819,2020-10-11 10:00:00,24.4
820,2020-10-11 13:00:00,24.4
821,2020-10-11 16:00:00,24.4
822,2020-10-11 19:00:00,24.4
823,2020-10-11 22:00:00,25.8
824,2020-10-12 01:00:00,25.5
825,2020-10-12 04:00:00,25.3
826,2020-10-12 07:00:00,25.6
827,2020-10-12 10:00:00,28.3
828,2020-10-12 13:00:00,28.9
829,2020-10-12 16:00:00,28.7
830,2020-10-12 19:00:00,27.4
831,2020-10-12 22:00:00,26.6
832,2020-10-13 01:00:00,26.2
833,2020-10-13 04:00:00,25.6
834,2020-10-13 07:00:00,25.5
835,2020-10-13 10:00:00,26.6
836,2020-10-13 13:00:00,25.8
837,2020-10-13 16:00:00,25.7
838,2020-10-13 19:00:00,24.9
839,2020-10-13 22:00:00,24.9
840,2020-10-14 01:00:00,23.6
841,2020-10-14 04:00:00,23.2
842,2020-10-14 07:00:00,24.3
843,2020-10-14 10:00:00,27.2
844,2020-10-14 13:00:00,29.9
845,2020-10-14 16:00:00,29.9
846,2020-10-14 19:00:00,29.9
847,2020-10-14 22:00:00,29.9
848,2020-10-15 01:00:00,27.4
849,2020-10-15 04:00:00,27.4
850,2020-10-15 07:00:00,27.4
851,2020-10-15 10:00:00,27.4
852,2020-10-15 13:00:00,27.4
853,2020-10-15 16:00:00,27.4
854,2020-10-15 19:00:00,28.5
855,2020-10-15 22:00:00,27.6
856,2020-10-16 01:00:00,26.1
857,2020-10-16 04:00:00,25.7
858,2020-10-16 07:00:00,25.9
859,2020-10-16 10:00:00,26.4
860,2020-10-16 13:00:00,28.0
861,2020-10-16 16:00:00,27.7
862,2020-10-16 19:00:00,26.3
863,2020-10-16 22:00:00,24.9
864,2020-10-17 01:00:00,25.5
865,2020-10-17 04:00:00,25.6
866,2020-10-17 07:00:00,25.7
867,2020-10-17 10:00:00,26.1
868,2020-10-17 13:00:00,25.1
869,2020-10-17 16:00:00,24.9
870,2020-10-17 19:00:00,24.6
871,2020-10-17 22:00:00,24.6
872,2020-10-18 01:00:00,24.3
873,2020-10-18 04:00:00,23.7
874,2020-10-18 07:00:00,23.6
875,2020-10-18 10:00:00,24.2
876,2020-10-18 13:00:00,24.6
877,2020-10-18 16:00:00,24.8
878,2020-10-18 19:00:00,24.4
879,2020-10-18 22:00:00,24.0
880,2020-10-19 01:00:00,23.4
881,2020-10-19 04:00:00,23.3
882,2020-10-19 07:00:00,23.8
883,2020-10-19 10:00:00,25.1
884,2020-10-19 13:00:00,27.0
885,2020-10-19 16:00:00,27.8
886,2020-10-19 19:00:00,26.1
887,2020-10-19 22:00:00,25.3
888,2020-10-20 01:00:00,24.4
889,2020-10-20 04:00:00,23.9
890,2020-10-20 07:00:00,23.8
891,2020-10-20 10:00:00,24.9
892,2020-10-20 13:00:00,26.4
893,2020-10-20 16:00:00,28.3
894,2020-10-20 19:00:00,26.2
895,2020-10-20 22:00:00,25.4
896,2020-10-21 01:00:00,24.9
897,2020-10-21 04:00:00,24.3
898,2020-10-21 07:00:00,24.4
899,2020-10-21 10:00:00,27.3
900,2020-10-21 13:00:00,29.1
901,2020-10-21 16:00:00,29.1
902,2020-10-21 19:00:00,27.3
903,2020-10-21 22:00:00,26.1
904,2020-10-22 01:00:00,25.4
905,2020-10-22 04:00:00,24.6
906,2020-10-22 07:00:00,25.3
907,2020-10-22 10:00:00,27.9
908,2020-10-22 13:00:00,30.6
909,2020-10-22 16:00:00,30.3
910,2020-10-22 19:00:00,28.3
911,2020-10-22 22:00:00,27.3
912,2020-10-23 01:00:00,26.4
913,2020-10-23 04:00:00,25.8
914,2020-10-23 07:00:00,25.9
915,2020-10-23 10:00:00,28.5
916,2020-10-23 13:00:00,30.2
917,2020-10-23 16:00:00,29.4
918,2020-10-23 19:00:00,27.9
919,2020-10-23 22:00:00,27.2
920,2020-10-24 01:00:00,26.3
921,2020-10-24 04:00:00,25.3
922,2020-10-24 07:00:00,25.3
923,2020-10-24 10:00:00,28.7
924,2020-10-24 13:00:00,30.9
925,2020-10-24 16:00:00,30.1
926,2020-10-24 19:00:00,27.7
927,2020-10-24 22:00:00,27.2
928,2020-10-25 01:00:00,26.3
929,2020-10-25 04:00:00,25.1
930,2020-10-25 07:00:00,25.0
931,2020-10-25 10:00:00,27.9
932,2020-10-25 13:00:00,30.5
933,2020-10-25 16:00:00,29.8
934,2020-10-25 19:00:00,28.0
935,2020-10-25 22:00:00,27.6
936,2020-10-26 01:00:00,26.9
937,2020-10-26 04:00:00,25.9
938,2020-10-26 07:00:00,26.3
939,2020-10-26 10:00:00,29.3
940,2020-10-26 13:00:00,31.1
941,2020-10-26 16:00:00,30.6
942,2020-10-26 19:00:00,28.3
943,2020-10-26 22:00:00,27.8
944,2020-10-27 01:00:00,26.7
945,2020-10-27 04:00:00,25.7
946,2020-10-27 07:00:00,25.5
947,2020-10-27 10:00:00,26.6
948,2020-10-27 13:00:00,29.3
949,2020-10-27 16:00:00,29.5
950,2020-10-27 19:00:00,27.5
951,2020-10-27 22:00:00,26.6
952,2020-10-28 01:00:00,25.6
953,2020-10-28 04:00:00,24.7
954,2020-10-28 07:00:00,25.0
955,2020-10-28 10:00:00,28.4
956,2020-10-28 13:00:00,31.3
957,2020-10-28 16:00:00,30.7
958,2020-10-28 19:00:00,28.6
959,2020-10-28 22:00:00,28.1
960,2020-10-29 01:00:00,27.5
961,2020-10-29 04:00:00,26.5
962,2020-10-29 07:00:00,26.2
963,2020-10-29 10:00:00,25.4
964,2020-10-29 13:00:00,26.2
965,2020-10-29 16:00:00,25.5
966,2020-10-29 19:00:00,25.1
967,2020-10-29 22:00:00,25.0
968,2020-10-30 01:00:00,24.6
969,2020-10-30 04:00:00,24.4
970,2020-10-30 07:00:00,24.8
971,2020-10-30 10:00:00,25.9
972,2020-10-30 13:00:00,29.3
973,2020-10-30 16:00:00,29.7
974,2020-10-30 19:00:00,28.0
975,2020-10-30 22:00:00,27.5
976,2020-10-31 01:00:00,26.6
977,2020-10-31 04:00:00,26.4
978,2020-10-31 07:00:00,26.6
979,2020-10-31 10:00:00,30.0
980,2020-10-31 13:00:00,31.5
981,2020-10-31 16:00:00,31.1
982,2020-10-31 19:00:00,28.8
983,2020-10-31 22:00:00,27.7
984,2020-11-01 01:00:00,27.0
985,2020-11-01 04:00:00,26.3
986,2020-11-01 07:00:00,25.9
987,2020-11-01 10:00:00,29.7
988,2020-11-01 13:00:00,31.6
989,2020-11-01 16:00:00,30.6
990,2020-11-01 19:00:00,28.7
991,2020-11-01 22:00:00,27.7
992,2020-11-02 01:00:00,26.9
993,2020-11-02 04:00:00,26.2
994,2020-11-02 07:00:00,26.5
995,2020-11-02 10:00:00,29.9
996,2020-11-02 13:00:00,31.7
997,2020-11-02 16:00:00,30.8
998,2020-11-02 19:00:00,28.9
999,2020-11-02 22:00:00,28.2
1000,2020-11-03 01:00:00,27.4
1001,2020-11-03 04:00:00,26.6
1002,2020-11-03 07:00:00,26.3
1003,2020-11-03 10:00:00,29.4
1004,2020-11-03 13:00:00,31.5
1005,2020-11-03 16:00:00,31.3
1006,2020-11-03 19:00:00,29.3
1007,2020-11-03 22:00:00,28.1
1008,2020-11-04 01:00:00,27.5
1009,2020-11-04 04:00:00,26.5
1010,2020-11-04 07:00:00,26.2
1011,2020-11-04 10:00:00,29.1
1012,2020-11-04 13:00:00,30.8
1013,2020-11-04 16:00:00,30.2
1014,2020-11-04 19:00:00,28.5
1015,2020-11-04 22:00:00,27.3
1016,2020-11-05 01:00:00,26.6
1017,2020-11-05 04:00:00,25.9
1018,2020-11-05 07:00:00,25.6
1019,2020-11-05 10:00:00,28.4
1020,2020-11-05 13:00:00,30.6
1021,2020-11-05 16:00:00,29.8
1022,2020-11-05 19:00:00,28.1
1023,2020-11-05 22:00:00,27.4
1024,2020-11-06 01:00:00,26.6
1025,2020-11-06 04:00:00,25.6
1026,2020-11-06 07:00:00,25.5
1027,2020-11-06 10:00:00,28.9
1028,2020-11-06 13:00:00,31.0
1029,2020-11-06 16:00:00,29.9
1030,2020-11-06 19:00:00,28.4
1031,2020-11-06 22:00:00,27.8
1032,2020-11-07 01:00:00,27.0
1033,2020-11-07 04:00:00,26.5
1034,2020-11-07 07:00:00,25.8
1035,2020-11-07 10:00:00,27.6
1036,2020-11-07 13:00:00,28.5
1037,2020-11-07 16:00:00,28.6
1038,2020-11-07 19:00:00,27.2
1039,2020-11-07 22:00:00,27.1
1040,2020-11-08 01:00:00,26.4
1041,2020-11-08 04:00:00,25.7
1042,2020-11-08 07:00:00,25.0
1043,2020-11-08 10:00:00,25.9
1044,2020-11-08 13:00:00,26.9
1045,2020-11-08 16:00:00,28.6
1046,2020-11-08 19:00:00,27.2
1047,2020-11-08 22:00:00,26.0
1048,2020-11-09 01:00:00,25.6
1049,2020-11-09 04:00:00,24.8
1050,2020-11-09 07:00:00,24.3
1051,2020-11-09 10:00:00,27.2
1052,2020-11-09 13:00:00,29.8
1053,2020-11-09 16:00:00,29.7
1054,2020-11-09 19:00:00,27.6
1055,2020-11-09 22:00:00,26.4
1056,2020-11-10 01:00:00,25.6
1057,2020-11-10 04:00:00,24.4
1058,2020-11-10 07:00:00,24.2
1059,2020-11-10 10:00:00,27.2
1060,2020-11-10 13:00:00,29.9
1061,2020-11-10 16:00:00,29.5
1062,2020-11-10 19:00:00,27.2
1063,2020-11-10 22:00:00,26.2
1064,2020-11-11 01:00:00,25.6
1065,2020-11-11 04:00:00,25.0
1066,2020-11-11 07:00:00,23.9
1067,2020-11-11 10:00:00,23.4
1068,2020-11-11 13:00:00,26.1
1069,2020-11-11 16:00:00,26.6
1070,2020-11-11 19:00:00,24.7
1071,2020-11-11 22:00:00,23.9
1072,2020-11-12 01:00:00,23.7
1073,2020-11-12 04:00:00,22.4
1074,2020-11-12 07:00:00,22.6
1075,2020-11-12 10:00:00,25.3
1076,2020-11-12 13:00:00,27.2
1077,2020-11-12 16:00:00,27.2
1078,2020-11-12 19:00:00,25.8
1079,2020-11-12 22:00:00,25.5
1080,2020-11-13 01:00:00,24.7
1081,2020-11-13 04:00:00,23.8
1082,2020-11-13 07:00:00,23.7
1083,2020-11-13 10:00:00,27.0
1084,2020-11-13 13:00:00,29.5
1085,2020-11-13 16:00:00,29.6
1086,2020-11-13 19:00:00,27.2
1087,2020-11-13 22:00:00,25.8
1088,2020-11-14 01:00:00,25.0
1089,2020-11-14 04:00:00,24.0
1090,2020-11-14 07:00:00,23.8
1091,2020-11-14 10:00:00,27.0
1092,2020-11-14 13:00:00,29.7
1093,2020-11-14 16:00:00,29.4
1094,2020-11-14 19:00:00,27.0
1095,2020-11-14 22:00:00,26.0
1096,2020-11-15 01:00:00,24.9
1097,2020-11-15 04:00:00,24.0
1098,2020-11-15 07:00:00,23.8
1099,2020-11-15 10:00:00,27.8
1100,2020-11-15 13:00:00,30.6
1101,2020-11-15 16:00:00,29.7
1102,2020-11-15 19:00:00,28.2
1103,2020-11-15 22:00:00,27.4
1104,2020-11-16 01:00:00,26.4
1105,2020-11-16 04:00:00,25.4
1106,2020-11-16 07:00:00,25.2
1107,2020-11-16 10:00:00,28.7
1108,2020-11-16 13:00:00,31.3
1109,2020-11-16 16:00:00,30.9
1110,2020-11-16 19:00:00,28.8
1111,2020-11-16 22:00:00,27.7
1112,2020-11-17 01:00:00,26.9
1113,2020-11-17 04:00:00,25.8
1114,2020-11-17 07:00:00,25.5
1115,2020-11-17 10:00:00,29.4
1116,2020-11-17 13:00:00,31.4
1117,2020-11-17 16:00:00,30.9
1118,2020-11-17 19:00:00,28.9
1119,2020-11-17 22:00:00,28.1
1120,2020-11-18 01:00:00,27.1
1121,2020-11-18 04:00:00,26.2
1122,2020-11-18 07:00:00,26.1
1123,2020-11-18 10:00:00,29.8
1124,2020-11-18 13:00:00,31.6
1125,2020-11-18 16:00:00,31.5
1126,2020-11-18 19:00:00,29.8
1127,2020-11-18 22:00:00,28.7
1128,2020-11-19 01:00:00,27.9
1129,2020-11-19 04:00:00,27.0
1130,2020-11-19 07:00:00,27.1
1131,2020-11-19 10:00:00,30.5
1132,2020-11-19 13:00:00,32.5
1133,2020-11-19 16:00:00,32.4
1134,2020-11-19 19:00:00,30.2
1135,2020-11-19 22:00:00,29.4
1136,2020-11-20 01:00:00,28.3
1137,2020-11-20 04:00:00,27.3
1138,2020-11-20 07:00:00,27.2
1139,2020-11-20 10:00:00,27.2
1140,2020-11-20 13:00:00,27.2
1141,2020-11-20 16:00:00,27.2
1142,2020-11-20 19:00:00,27.2
1143,2020-11-20 22:00:00,27.2
1144,2020-11-21 01:00:00,27.2
1145,2020-11-21 04:00:00,27.2
1146,2020-11-21 07:00:00,27.2
1147,2020-11-21 10:00:00,27.2
1148,2020-11-21 13:00:00,27.2
1149,2020-11-21 16:00:00,27.2
1150,2020-11-21 19:00:00,27.2
1151,2020-11-21 22:00:00,29.0
1152,2020-11-22 01:00:00,28.0
1153,2020-11-22 04:00:00,27.4
1154,2020-11-22 07:00:00,27.2
1155,2020-11-22 10:00:00,30.0
1156,2020-11-22 13:00:00,31.1
1157,2020-11-22 16:00:00,31.0
1158,2020-11-22 19:00:00,29.0
1159,2020-11-22 22:00:00,28.5
1160,2020-11-23 01:00:00,27.6
1161,2020-11-23 04:00:00,26.5
1162,2020-11-23 07:00:00,26.1
1163,2020-11-23 10:00:00,29.7
1164,2020-11-23 13:00:00,31.3
1165,2020-11-23 16:00:00,30.7
1166,2020-11-23 19:00:00,29.0
1167,2020-11-23 22:00:00,28.0
1168,2020-11-24 01:00:00,27.4
1169,2020-11-24 04:00:00,26.4
1170,2020-11-24 07:00:00,26.2
1171,2020-11-24 10:00:00,29.3
1172,2020-11-24 13:00:00,31.3
1173,2020-11-24 16:00:00,30.7
1174,2020-11-24 19:00:00,28.7
1175,2020-11-24 22:00:00,28.0
1176,2020-11-25 01:00:00,27.2
1177,2020-11-25 04:00:00,26.3
1178,2020-11-25 07:00:00,25.8
1179,2020-11-25 10:00:00,29.1
1180,2020-11-25 13:00:00,31.5
1181,2020-11-25 16:00:00,31.4
1182,2020-11-25 19:00:00,28.6
1183,2020-11-25 22:00:00,28.1
1184,2020-11-26 01:00:00,27.2
1185,2020-11-26 04:00:00,26.4
1186,2020-11-26 07:00:00,26.0
1187,2020-11-26 10:00:00,28.7
1188,2020-11-26 13:00:00,31.2
1189,2020-11-26 16:00:00,31.4
1190,2020-11-26 19:00:00,29.1
1191,2020-11-26 22:00:00,28.1
1192,2020-11-27 01:00:00,27.0
1193,2020-11-27 04:00:00,25.9
1194,2020-11-27 07:00:00,25.2
1195,2020-11-27 10:00:00,28.2
1196,2020-11-27 13:00:00,30.6
1197,2020-11-27 16:00:00,30.2
1198,2020-11-27 19:00:00,28.5
1199,2020-11-27 22:00:00,27.4
1200,2020-11-28 01:00:00,26.1
1201,2020-11-28 04:00:00,25.2
1202,2020-11-28 07:00:00,24.4
1203,2020-11-28 10:00:00,27.6
1204,2020-11-28 13:00:00,31.0
1205,2020-11-28 16:00:00,30.6
1206,2020-11-28 19:00:00,28.4
1207,2020-11-28 22:00:00,27.4
1208,2020-11-29 01:00:00,26.2
1209,2020-11-29 04:00:00,25.4
1210,2020-11-29 07:00:00,24.9
1211,2020-11-29 10:00:00,27.9
1212,2020-11-29 13:00:00,30.3
1213,2020-11-29 16:00:00,29.5
1214,2020-11-29 19:00:00,28.0
1215,2020-11-29 22:00:00,27.6
1216,2020-11-30 01:00:00,26.1
1217,2020-11-30 04:00:00,25.2
1218,2020-11-30 07:00:00,24.9
1219,2020-11-30 10:00:00,27.2
1220,2020-11-30 13:00:00,28.0
1221,2020-11-30 16:00:00,27.2
1222,2020-11-30 19:00:00,27.2
1223,2020-11-30 22:00:00,26.8
1224,2020-12-01 01:00:00,26.1
1225,2020-12-01 04:00:00,25.6
1226,2020-12-01 07:00:00,24.6
1227,2020-12-01 10:00:00,25.9
1228,2020-12-01 13:00:00,26.4
1229,2020-12-01 16:00:00,26.8
1230,2020-12-01 19:00:00,26.2
1231,2020-12-01 22:00:00,25.8
1232,2020-12-02 01:00:00,25.5
1233,2020-12-02 04:00:00,24.9
1234,2020-12-02 07:00:00,24.7
1235,2020-12-02 10:00:00,24.9
1236,2020-12-02 13:00:00,27.2
1237,2020-12-02 16:00:00,28.2
1238,2020-12-02 19:00:00,26.8
1239,2020-12-02 22:00:00,26.4
1240,2020-12-03 01:00:00,26.1
1241,2020-12-03 04:00:00,25.4
1242,2020-12-03 07:00:00,24.7
1243,2020-12-03 10:00:00,27.3
1244,2020-12-03 13:00:00,30.1
1245,2020-12-03 16:00:00,30.6
1246,2020-12-03 19:00:00,28.4
1247,2020-12-03 22:00:00,27.6
1248,2020-12-04 01:00:00,25.6
1249,2020-12-04 04:00:00,24.1
1250,2020-12-04 07:00:00,22.9
1251,2020-12-04 10:00:00,25.7
1252,2020-12-04 13:00:00,28.7
1253,2020-12-04 16:00:00,29.2
1254,2020-12-04 19:00:00,26.6
1255,2020-12-04 22:00:00,25.6
1256,2020-12-05 01:00:00,24.0
1257,2020-12-05 04:00:00,22.5
1258,2020-12-05 07:00:00,21.2
1259,2020-12-05 10:00:00,24.3
1260,2020-12-05 13:00:00,27.6
1261,2020-12-05 16:00:00,28.5
1262,2020-12-05 19:00:00,26.0
1263,2020-12-05 22:00:00,24.8
1264,2020-12-06 01:00:00,23.9
1265,2020-12-06 04:00:00,22.7
1266,2020-12-06 07:00:00,21.8
1267,2020-12-06 10:00:00,25.0
1268,2020-12-06 13:00:00,28.1
1269,2020-12-06 16:00:00,27.8
1270,2020-12-06 19:00:00,25.9
1271,2020-12-06 22:00:00,24.7
1272,2020-12-07 01:00:00,23.5
1273,2020-12-07 04:00:00,22.5
1274,2020-12-07 07:00:00,21.8
1275,2020-12-07 10:00:00,25.9
1276,2020-12-07 13:00:00,29.3
1277,2020-12-07 16:00:00,29.4
1278,2020-12-07 19:00:00,27.4
1279,2020-12-07 22:00:00,26.2
1280,2020-12-08 01:00:00,24.9
1281,2020-12-08 04:00:00,23.9
1282,2020-12-08 07:00:00,23.4
1283,2020-12-08 10:00:00,27.1
1284,2020-12-08 13:00:00,30.0
1285,2020-12-08 16:00:00,29.5
1286,2020-12-08 19:00:00,27.8
1287,2020-12-08 22:00:00,26.7
1288,2020-12-09 01:00:00,25.7
1289,2020-12-09 04:00:00,24.3
1290,2020-12-09 07:00:00,23.7
1291,2020-12-09 10:00:00,27.0
1292,2020-12-09 13:00:00,29.7
1293,2020-12-09 16:00:00,29.4
1294,2020-12-09 19:00:00,27.1
1295,2020-12-09 22:00:00,25.8
1296,2020-12-10 01:00:00,24.6
1297,2020-12-10 04:00:00,23.1
1298,2020-12-10 07:00:00,22.4
1299,2020-12-10 10:00:00,26.5
1300,2020-12-10 13:00:00,30.1
1301,2020-12-10 16:00:00,30.2
1302,2020-12-10 19:00:00,27.5
1303,2020-12-10 22:00:00,26.6
1304,2020-12-11 01:00:00,25.1
1305,2020-12-11 04:00:00,24.0
1306,2020-12-11 07:00:00,24.0
1307,2020-12-11 10:00:00,28.2
1308,2020-12-11 13:00:00,31.4
1309,2020-12-11 16:00:00,31.3
1310,2020-12-11 19:00:00,28.9
1311,2020-12-11 22:00:00,27.8
1312,2020-12-12 01:00:00,26.5
1313,2020-12-12 04:00:00,25.5
1314,2020-12-12 07:00:00,25.4
1315,2020-12-12 10:00:00,29.6
1316,2020-12-12 13:00:00,32.1
1317,2020-12-12 16:00:00,31.6
1318,2020-12-12 19:00:00,30.2
1319,2020-12-12 22:00:00,28.9
1320,2020-12-13 01:00:00,27.9
1321,2020-12-13 04:00:00,27.1
1322,2020-12-13 07:00:00,26.5
1323,2020-12-13 10:00:00,30.4
1324,2020-12-13 13:00:00,32.2
1325,2020-12-13 16:00:00,31.4
1326,2020-12-13 19:00:00,30.5
1327,2020-12-13 22:00:00,29.4
1328,2020-12-14 01:00:00,28.4
1329,2020-12-14 04:00:00,27.4
1330,2020-12-14 07:00:00,27.2
1331,2020-12-14 10:00:00,30.6
1332,2020-12-14 13:00:00,32.3
1333,2020-12-14 16:00:00,31.8
1334,2020-12-14 19:00:00,29.7
1335,2020-12-14 22:00:00,28.9
1336,2020-12-15 01:00:00,27.9
1337,2020-12-15 04:00:00,27.3
1338,2020-12-15 07:00:00,27.1
1339,2020-12-15 10:00:00,30.4
1340,2020-12-15 13:00:00,32.4
1341,2020-12-15 16:00:00,32.2
1342,2020-12-15 19:00:00,29.5
1343,2020-12-15 22:00:00,28.9
1344,2020-12-16 01:00:00,27.9
1345,2020-12-16 04:00:00,26.9
1346,2020-12-16 07:00:00,26.9
1347,2020-12-16 10:00:00,29.9
1348,2020-12-16 13:00:00,32.0
1349,2020-12-16 16:00:00,31.4
1350,2020-12-16 19:00:00,29.4
1351,2020-12-16 22:00:00,28.1
1352,2020-12-17 01:00:00,27.2
1353,2020-12-17 04:00:00,26.3
1354,2020-12-17 07:00:00,25.6
1355,2020-12-17 10:00:00,28.3
1356,2020-12-17 13:00:00,31.4
1357,2020-12-17 16:00:00,30.5
1358,2020-12-17 19:00:00,28.6
1359,2020-12-17 22:00:00,27.7
1360,2020-12-18 01:00:00,27.1
1361,2020-12-18 04:00:00,26.4
1362,2020-12-18 07:00:00,25.6
1363,2020-12-18 10:00:00,28.8
1364,2020-12-18 13:00:00,31.0
1365,2020-12-18 16:00:00,29.8
1366,2020-12-18 19:00:00,28.9
1367,2020-12-18 22:00:00,27.9
1368,2020-12-19 01:00:00,26.9
1369,2020-12-19 04:00:00,25.4
1370,2020-12-19 07:00:00,24.5
1371,2020-12-19 10:00:00,27.6
1372,2020-12-19 13:00:00,30.0
1373,2020-12-19 16:00:00,29.2
1374,2020-12-19 19:00:00,27.3
1375,2020-12-19 22:00:00,26.6
1376,2020-12-20 01:00:00,25.5
1377,2020-12-20 04:00:00,24.0
1378,2020-12-20 07:00:00,22.5
1379,2020-12-20 10:00:00,24.3
1380,2020-12-20 13:00:00,28.8
1381,2020-12-20 16:00:00,28.3
1382,2020-12-20 19:00:00,26.2
1383,2020-12-20 22:00:00,24.7
1384,2020-12-21 01:00:00,22.8
1385,2020-12-21 04:00:00,21.6
1386,2020-12-21 07:00:00,19.9
1387,2020-12-21 10:00:00,22.2
1388,2020-12-21 13:00:00,27.0
1389,2020-12-21 16:00:00,27.5
1390,2020-12-21 19:00:00,25.2
1391,2020-12-21 22:00:00,23.8
1392,2020-12-22 01:00:00,22.6
1393,2020-12-22 04:00:00,21.3
1394,2020-12-22 07:00:00,20.4
1395,2020-12-22 10:00:00,23.7
1396,2020-12-22 13:00:00,27.5
1397,2020-12-22 16:00:00,27.5
1398,2020-12-22 19:00:00,25.6
1399,2020-12-22 22:00:00,24.4
1400,2020-12-23 01:00:00,22.8
1401,2020-12-23 04:00:00,21.4
1402,2020-12-23 07:00:00,21.0
1403,2020-12-23 10:00:00,25.6
1404,2020-12-23 13:00:00,25.6
1405,2020-12-23 16:00:00,29.5
1406,2020-12-23 19:00:00,27.2
1407,2020-12-23 22:00:00,26.0
1408,2020-12-24 01:00:00,24.6
1409,2020-12-24 04:00:00,23.6
1410,2020-12-24 07:00:00,23.1
1411,2020-12-24 10:00:00,27.7
1412,2020-12-24 13:00:00,30.6
1413,2020-12-24 16:00:00,30.9
1414,2020-12-24 19:00:00,29.0
1415,2020-12-24 22:00:00,27.6
1416,2020-12-25 01:00:00,26.4
1417,2020-12-25 04:00:00,25.5
1418,2020-12-25 07:00:00,25.7
1419,2020-12-25 10:00:00,26.6
1420,2020-12-25 13:00:00,30.0
1421,2020-12-25 16:00:00,31.1
1422,2020-12-25 19:00:00,29.3
1423,2020-12-25 22:00:00,27.8
1424,2020-12-26 01:00:00,26.9
1425,2020-12-26 04:00:00,26.3
1426,2020-12-26 07:00:00,25.9
1427,2020-12-26 10:00:00,29.4
1428,2020-12-26 13:00:00,31.3
1429,2020-12-26 16:00:00,31.3
1430,2020-12-26 19:00:00,31.3
1431,2020-12-26 22:00:00,31.3
1432,2020-12-27 01:00:00,27.9
1433,2020-12-27 04:00:00,27.1
1434,2020-12-27 07:00:00,26.5
1435,2020-12-27 10:00:00,29.7
1436,2020-12-27 13:00:00,31.5
1437,2020-12-27 16:00:00,31.1
1438,2020-12-27 19:00:00,29.5
1439,2020-12-27 22:00:00,28.5
1440,2020-12-28 01:00:00,27.7
1441,2020-12-28 04:00:00,27.0
1442,2020-12-28 07:00:00,26.8
1443,2020-12-28 10:00:00,30.3
1444,2020-12-28 13:00:00,32.0
1445,2020-12-28 16:00:00,30.9
1446,2020-12-28 19:00:00,29.9
1447,2020-12-28 22:00:00,29.3
1448,2020-12-29 01:00:00,27.9
1449,2020-12-29 04:00:00,26.9
1450,2020-12-29 07:00:00,26.7
1451,2020-12-29 10:00:00,29.9
1452,2020-12-29 13:00:00,32.4
1453,2020-12-29 16:00:00,31.9
1454,2020-12-29 19:00:00,30.2
1455,2020-12-29 22:00:00,29.5
1456,2020-12-30 01:00:00,28.0
1457,2020-12-30 04:00:00,27.2
1458,2020-12-30 07:00:00,26.9
1459,2020-12-30 10:00:00,30.5
1460,2020-12-30 13:00:00,33.0
1461,2020-12-30 16:00:00,33.0
1462,2020-12-30 19:00:00,30.1
1463,2020-12-30 22:00:00,28.1
1464,2020-12-31 01:00:00,25.7
1465,2020-12-31 04:00:00,23.5
1466,2020-12-31 07:00:00,22.2
1467,2020-12-31 10:00:00,24.3
1468,2020-12-31 13:00:00,28.8
1469,2020-12-31 16:00:00,29.5
1470,2020-12-31 19:00:00,26.4
1471,2020-12-31 22:00:00,24.7
1472,2021-01-01 01:00:00,22.7
1473,2021-01-01 04:00:00,20.4
1474,2021-01-01 07:00:00,19.4
1475,2021-01-01 10:00:00,22.4
1476,2021-01-01 13:00:00,26.2
1477,2021-01-01 16:00:00,27.3
1478,2021-01-01 19:00:00,25.5
1479,2021-01-01 22:00:00,24.6
1480,2021-01-02 01:00:00,23.0
1481,2021-01-02 04:00:00,21.4
1482,2021-01-02 07:00:00,20.3
1483,2021-01-02 10:00:00,23.5
1484,2021-01-02 13:00:00,27.1
1485,2021-01-02 16:00:00,27.8
1486,2021-01-02 19:00:00,26.1
1487,2021-01-02 22:00:00,24.9
1488,2021-01-03 01:00:00,23.8
1489,2021-01-03 04:00:00,22.4
1490,2021-01-03 07:00:00,21.4
1491,2021-01-03 10:00:00,25.7
1492,2021-01-03 13:00:00,29.8
1493,2021-01-03 16:00:00,30.3
1494,2021-01-03 19:00:00,27.8
1495,2021-01-03 22:00:00,26.7
1496,2021-01-04 01:00:00,25.7
1497,2021-01-04 04:00:00,24.4
1498,2021-01-04 07:00:00,24.4
1499,2021-01-04 10:00:00,24.4
1500,2021-01-04 13:00:00,24.4
1501,2021-01-04 16:00:00,24.4
1502,2021-01-04 19:00:00,24.4
1503,2021-01-04 22:00:00,24.4
1504,2021-01-05 01:00:00,24.4
1505,2021-01-05 04:00:00,24.4
1506,2021-01-05 07:00:00,24.4
1507,2021-01-05 10:00:00,24.4
1508,2021-01-05 13:00:00,24.4
1509,2021-01-05 16:00:00,24.4
1510,2021-01-05 19:00:00,29.5
1511,2021-01-05 22:00:00,28.6
1512,2021-01-06 01:00:00,27.8
1513,2021-01-06 04:00:00,26.7
1514,2021-01-06 07:00:00,26.0
1515,2021-01-06 10:00:00,29.6
1516,2021-01-06 13:00:00,32.3
1517,2021-01-06 16:00:00,32.5
1518,2021-01-06 19:00:00,30.0
1519,2021-01-06 22:00:00,28.8
1520,2021-01-07 01:00:00,27.7
1521,2021-01-07 04:00:00,27.0
1522,2021-01-07 07:00:00,25.8
1523,2021-01-07 10:00:00,29.3
1524,2021-01-07 13:00:00,32.4
1525,2021-01-07 16:00:00,32.8
1526,2021-01-07 19:00:00,30.6
1527,2021-01-07 22:00:00,29.6
1528,2021-01-08 01:00:00,28.1
1529,2021-01-08 04:00:00,27.3
1530,2021-01-08 07:00:00,26.1
1531,2021-01-08 10:00:00,28.9
1532,2021-01-08 13:00:00,31.9
1533,2021-01-08 16:00:00,32.1
1534,2021-01-08 19:00:00,29.9
1535,2021-01-08 22:00:00,28.1
1536,2021-01-09 01:00:00,26.2
1537,2021-01-09 04:00:00,24.1
1538,2021-01-09 07:00:00,22.7
1539,2021-01-09 10:00:00,25.3
1540,2021-01-09 13:00:00,28.9
1541,2021-01-09 16:00:00,30.1
1542,2021-01-09 19:00:00,27.7
1543,2021-01-09 22:00:00,26.1
1544,2021-01-10 01:00:00,24.8
1545,2021-01-10 04:00:00,23.3
1546,2021-01-10 07:00:00,22.4
1547,2021-01-10 10:00:00,25.8
1548,2021-01-10 13:00:00,29.4
1549,2021-01-10 16:00:00,30.0
1550,2021-01-10 19:00:00,28.0
1551,2021-01-10 22:00:00,26.5
1552,2021-01-11 01:00:00,24.9
1553,2021-01-11 04:00:00,23.3
1554,2021-01-11 07:00:00,22.4
1555,2021-01-11 10:00:00,25.7
1556,2021-01-11 13:00:00,29.5
1557,2021-01-11 16:00:00,30.5
1558,2021-01-11 19:00:00,27.7
1559,2021-01-11 22:00:00,25.8
1560,2021-01-12 01:00:00,23.0
1561,2021-01-12 04:00:00,23.0
1562,2021-01-12 07:00:00,23.0
1563,2021-01-12 10:00:00,23.0
1564,2021-01-12 13:00:00,23.0
1565,2021-01-12 16:00:00,23.0
1566,2021-01-12 19:00:00,24.2
1567,2021-01-12 22:00:00,22.0
1568,2021-01-13 01:00:00,22.0
1569,2021-01-13 04:00:00,22.0
1570,2021-01-13 07:00:00,22.0
1571,2021-01-13 10:00:00,22.1
1572,2021-01-13 13:00:00,26.3
1573,2021-01-13 16:00:00,26.9
1574,2021-01-13 19:00:00,24.5
1575,2021-01-13 22:00:00,23.6
1576,2021-01-14 01:00:00,22.0
1577,2021-01-14 04:00:00,20.9
1578,2021-01-14 07:00:00,19.9
1579,2021-01-14 10:00:00,24.9
1580,2021-01-14 13:00:00,29.0
1581,2021-01-14 16:00:00,29.3
1582,2021-01-14 19:00:00,26.6
1583,2021-01-14 22:00:00,25.7
1584,2021-01-15 01:00:00,24.2
1585,2021-01-15 04:00:00,23.2
1586,2021-01-15 07:00:00,22.4
1587,2021-01-15 10:00:00,26.3
1588,2021-01-15 13:00:00,29.6
1589,2021-01-15 16:00:00,30.3
1590,2021-01-15 19:00:00,27.5
1591,2021-01-15 22:00:00,26.0
1592,2021-01-16 01:00:00,25.0
1593,2021-01-16 04:00:00,24.0
1594,2021-01-16 07:00:00,23.8
1595,2021-01-16 10:00:00,27.6
1596,2021-01-16 13:00:00,29.7
1597,2021-01-16 16:00:00,30.4
1598,2021-01-16 19:00:00,26.9
1599,2021-01-16 22:00:00,25.9
1600,2021-01-17 01:00:00,25.1
1601,2021-01-17 04:00:00,24.5
1602,2021-01-17 07:00:00,24.3
1603,2021-01-17 10:00:00,27.9
1604,2021-01-17 13:00:00,29.9
1605,2021-01-17 16:00:00,30.9
1606,2021-01-17 19:00:00,30.9
1607,2021-01-17 22:00:00,30.9
1608,2021-01-18 01:00:00,30.9
1609,2021-01-18 04:00:00,23.1
1610,2021-01-18 07:00:00,21.2
1611,2021-01-18 10:00:00,24.1
1612,2021-01-18 13:00:00,28.7
1613,2021-01-18 16:00:00,29.7
1614,2021-01-18 19:00:00,27.0
1615,2021-01-18 22:00:00,25.2
1616,2021-01-19 01:00:00,23.6
1617,2021-01-19 04:00:00,21.9
1618,2021-01-19 07:00:00,20.5
1619,2021-01-19 10:00:00,23.8
1620,2021-01-19 13:00:00,27.9
1621,2021-01-19 16:00:00,28.7
1622,2021-01-19 19:00:00,25.6
1623,2021-01-19 22:00:00,24.2
1624,2021-01-20 01:00:00,23.2
1625,2021-01-20 04:00:00,21.9
1626,2021-01-20 07:00:00,20.5
1627,2021-01-20 10:00:00,25.3
1628,2021-01-20 13:00:00,29.1
1629,2021-01-20 16:00:00,29.3
1630,2021-01-20 19:00:00,26.6
1631,2021-01-20 22:00:00,25.7
1632,2021-01-21 01:00:00,24.0
1633,2021-01-21 04:00:00,22.5
1634,2021-01-21 07:00:00,21.8
1635,2021-01-21 10:00:00,26.7
1636,2021-01-21 13:00:00,30.4
1637,2021-01-21 16:00:00,30.5
1638,2021-01-21 19:00:00,27.7
1639,2021-01-21 22:00:00,26.7
1640,2021-01-22 01:00:00,24.9
1641,2021-01-22 04:00:00,23.3
1642,2021-01-22 07:00:00,22.5
1643,2021-01-22 10:00:00,22.5
1644,2021-01-22 13:00:00,31.5
1645,2021-01-22 16:00:00,30.9
1646,2021-01-22 19:00:00,28.2
1647,2021-01-22 22:00:00,26.7
1648,2021-01-23 01:00:00,25.5
1649,2021-01-23 04:00:00,24.4
1650,2021-01-23 07:00:00,24.1
1651,2021-01-23 10:00:00,28.3
1652,2021-01-23 13:00:00,31.0
1653,2021-01-23 16:00:00,30.9
1654,2021-01-23 19:00:00,27.9
1655,2021-01-23 22:00:00,27.1
1656,2021-01-24 01:00:00,26.1
1657,2021-01-24 04:00:00,25.4
1658,2021-01-24 07:00:00,25.0
1659,2021-01-24 10:00:00,28.5
1660,2021-01-24 13:00:00,30.9
1661,2021-01-24 16:00:00,31.2
1662,2021-01-24 19:00:00,28.2
1663,2021-01-24 22:00:00,27.0
1664,2021-01-25 01:00:00,26.2
1665,2021-01-25 04:00:00,25.3
1666,2021-01-25 07:00:00,25.2
1667,2021-01-25 10:00:00,28.8
1668,2021-01-25 13:00:00,31.6
1669,2021-01-25 16:00:00,31.8
1670,2021-01-25 19:00:00,29.2
1671,2021-01-25 22:00:00,27.5
1672,2021-01-26 01:00:00,26.3
1673,2021-01-26 04:00:00,25.9
1674,2021-01-26 07:00:00,25.6
1675,2021-01-26 10:00:00,30.2
1676,2021-01-26 13:00:00,32.7
1677,2021-01-26 16:00:00,32.9
1678,2021-01-26 19:00:00,30.2
1679,2021-01-26 22:00:00,28.3
1680,2021-01-27 01:00:00,27.2
1681,2021-01-27 04:00:00,26.7
1682,2021-01-27 07:00:00,26.4
1683,2021-01-27 10:00:00,29.7
1684,2021-01-27 13:00:00,32.5
1685,2021-01-27 16:00:00,32.5
1686,2021-01-27 19:00:00,29.5
1687,2021-01-27 22:00:00,28.2
1688,2021-01-28 01:00:00,27.1
1689,2021-01-28 04:00:00,26.7
1690,2021-01-28 07:00:00,26.3
1691,2021-01-28 10:00:00,29.9
1692,2021-01-28 13:00:00,32.9
1693,2021-01-28 16:00:00,32.6
1694,2021-01-28 19:00:00,30.6
1695,2021-01-28 22:00:00,29.3
1696,2021-01-29 01:00:00,28.0
1697,2021-01-29 04:00:00,27.0
1698,2021-01-29 07:00:00,25.4
1699,2021-01-29 10:00:00,28.2
1700,2021-01-29 13:00:00,30.9
1701,2021-01-29 16:00:00,31.8
1702,2021-01-29 19:00:00,29.6
1703,2021-01-29 22:00:00,27.9
1704,2021-01-30 01:00:00,27.2
1705,2021-01-30 04:00:00,26.2
1706,2021-01-30 07:00:00,25.3
1707,2021-01-30 10:00:00,28.6
1708,2021-01-30 13:00:00,31.4
1709,2021-01-30 16:00:00,32.2
1710,2021-01-30 19:00:00,29.4
1711,2021-01-30 22:00:00,27.8
1712,2021-01-31 01:00:00,26.8
1713,2021-01-31 04:00:00,25.9
1714,2021-01-31 07:00:00,25.1
1715,2021-01-31 10:00:00,28.9
1716,2021-01-31 13:00:00,31.8
1717,2021-01-31 16:00:00,32.5
1718,2021-01-31 19:00:00,28.9
1719,2021-01-31 22:00:00,27.8
1720,2021-02-01 01:00:00,26.7
1721,2021-02-01 04:00:00,25.8
1722,2021-02-01 07:00:00,25.1
1723,2021-02-01 10:00:00,29.8
1724,2021-02-01 13:00:00,33.1
1725,2021-02-01 16:00:00,33.5
1726,2021-02-01 19:00:00,30.4
1727,2021-02-01 22:00:00,28.8
1728,2021-02-02 01:00:00,27.9
1729,2021-02-02 04:00:00,26.8
1730,2021-02-02 07:00:00,26.2
1731,2021-02-02 10:00:00,30.1
1732,2021-02-02 13:00:00,32.8
1733,2021-02-02 16:00:00,33.6
1734,2021-02-02 19:00:00,30.2
1735,2021-02-02 22:00:00,28.6
1736,2021-02-03 01:00:00,27.9
1737,2021-02-03 04:00:00,26.7
1738,2021-02-03 07:00:00,26.0
1739,2021-02-03 10:00:00,30.1
1740,2021-02-03 13:00:00,32.6
1741,2021-02-03 16:00:00,32.5
1742,2021-02-03 19:00:00,29.7
1743,2021-02-03 22:00:00,27.9
1744,2021-02-04 01:00:00,26.9
1745,2021-02-04 04:00:00,26.0
1746,2021-02-04 07:00:00,25.2
1747,2021-02-04 10:00:00,29.2
1748,2021-02-04 13:00:00,31.9
1749,2021-02-04 16:00:00,33.3
1750,2021-02-04 19:00:00,29.5
1751,2021-02-04 22:00:00,27.8
1752,2021-02-05 01:00:00,26.5
1753,2021-02-05 04:00:00,25.5
1754,2021-02-05 07:00:00,24.7
1755,2021-02-05 10:00:00,29.0
1756,2021-02-05 13:00:00,32.2
1757,2021-02-05 16:00:00,33.5
1758,2021-02-05 19:00:00,29.6
1759,2021-02-05 22:00:00,27.9
1760,2021-02-06 01:00:00,26.9
1761,2021-02-06 04:00:00,25.7
1762,2021-02-06 07:00:00,24.9
1763,2021-02-06 10:00:00,29.8
1764,2021-02-06 13:00:00,32.5
1765,2021-02-06 16:00:00,32.9
1766,2021-02-06 19:00:00,29.7
1767,2021-02-06 22:00:00,28.0
1768,2021-02-07 01:00:00,26.9
1769,2021-02-07 04:00:00,25.9
1770,2021-02-07 07:00:00,25.5
1771,2021-02-07 10:00:00,29.6
1772,2021-02-07 13:00:00,32.1
1773,2021-02-07 16:00:00,32.1
1774,2021-02-07 19:00:00,29.1
1775,2021-02-07 22:00:00,28.0
1776,2021-02-08 01:00:00,27.0
1777,2021-02-08 04:00:00,26.5
1778,2021-02-08 07:00:00,26.2
1779,2021-02-08 10:00:00,30.3
1780,2021-02-08 13:00:00,32.1
1781,2021-02-08 16:00:00,32.1
1782,2021-02-08 19:00:00,29.3
1783,2021-02-08 22:00:00,28.4
1784,2021-02-09 01:00:00,27.5
1785,2021-02-09 04:00:00,26.3
1786,2021-02-09 07:00:00,25.3
1787,2021-02-09 10:00:00,28.8
1788,2021-02-09 13:00:00,31.2
1789,2021-02-09 16:00:00,30.6
1790,2021-02-09 19:00:00,28.7
1791,2021-02-09 22:00:00,28.0
1792,2021-02-10 01:00:00,27.0
1793,2021-02-10 04:00:00,26.0
1794,2021-02-10 07:00:00,25.0
1795,2021-02-10 10:00:00,28.3
1796,2021-02-10 13:00:00,30.7
1797,2021-02-10 16:00:00,31.5
1798,2021-02-10 19:00:00,29.1
1799,2021-02-10 22:00:00,28.1
1800,2021-02-11 01:00:00,27.0
1801,2021-02-11 04:00:00,26.2
1802,2021-02-11 07:00:00,25.1
1803,2021-02-11 10:00:00,29.0
1804,2021-02-11 13:00:00,32.0
1805,2021-02-11 16:00:00,32.1
1806,2021-02-11 19:00:00,29.6
1807,2021-02-11 22:00:00,28.6
1808,2021-02-12 01:00:00,27.2
1809,2021-02-12 04:00:00,25.9
1810,2021-02-12 07:00:00,25.1
1811,2021-02-12 10:00:00,29.1
1812,2021-02-12 13:00:00,31.5
1813,2021-02-12 16:00:00,31.9
1814,2021-02-12 19:00:00,29.7
1815,2021-02-12 22:00:00,28.3
1816,2021-02-13 01:00:00,26.5
1817,2021-02-13 04:00:00,25.9
1818,2021-02-13 07:00:00,25.7
1819,2021-02-13 10:00:00,29.3
1820,2021-02-13 13:00:00,31.4
1821,2021-02-13 16:00:00,32.1
1822,2021-02-13 19:00:00,29.1
1823,2021-02-13 22:00:00,27.8
1824,2021-02-14 01:00:00,27.8
1825,2021-02-14 04:00:00,27.8
1826,2021-02-14 07:00:00,26.1
1827,2021-02-14 10:00:00,29.6
1828,2021-02-14 13:00:00,31.5
1829,2021-02-14 16:00:00,30.9
1830,2021-02-14 19:00:00,28.5
1831,2021-02-14 22:00:00,27.3
1832,2021-02-15 01:00:00,26.5
1833,2021-02-15 04:00:00,26.1
1834,2021-02-15 07:00:00,26.2
1835,2021-02-15 10:00:00,29.6
1836,2021-02-15 13:00:00,30.8
1837,2021-02-15 16:00:00,31.3
1838,2021-02-15 19:00:00,28.5
1839,2021-02-15 22:00:00,27.4
1840,2021-02-16 01:00:00,26.7
1841,2021-02-16 04:00:00,26.2
1842,2021-02-16 07:00:00,26.4
1843,2021-02-16 10:00:00,26.4
1844,2021-02-16 13:00:00,26.4
1845,2021-02-16 16:00:00,26.4
1846,2021-02-16 19:00:00,26.4
1847,2021-02-16 22:00:00,26.4
1848,2021-02-17 01:00:00,26.4
1849,2021-02-17 04:00:00,26.4
1850,2021-02-17 07:00:00,26.4
1851,2021-02-17 10:00:00,26.4
1852,2021-02-17 13:00:00,26.4
1853,2021-02-17 16:00:00,26.4
1854,2021-02-17 19:00:00,26.4
1855,2021-02-17 22:00:00,26.4
1856,2021-02-18 01:00:00,26.4
1857,2021-02-18 04:00:00,26.4
1858,2021-02-18 07:00:00,26.4
1859,2021-02-18 10:00:00,26.4
1860,2021-02-18 13:00:00,26.4
1861,2021-02-18 16:00:00,26.4
1862,2021-02-18 19:00:00,26.4
1863,2021-02-18 22:00:00,26.4
1864,2021-02-19 01:00:00,26.4
1865,2021-02-19 04:00:00,26.4
1866,2021-02-19 07:00:00,26.4
1867,2021-02-19 10:00:00,26.4
1868,2021-02-19 13:00:00,26.4
1869,2021-02-19 16:00:00,26.4
1870,2021-02-19 19:00:00,26.4
1871,2021-02-19 22:00:00,26.4
1872,2021-02-20 01:00:00,26.4
1873,2021-02-20 04:00:00,26.4
1874,2021-02-20 07:00:00,26.4
1875,2021-02-20 10:00:00,26.4
1876,2021-02-20 13:00:00,26.4
1877,2021-02-20 16:00:00,26.4
1878,2021-02-20 19:00:00,26.4
1879,2021-02-20 22:00:00,26.4
1880,2021-02-21 01:00:00,26.4
1881,2021-02-21 04:00:00,26.4
1882,2021-02-21 07:00:00,26.4
1883,2021-02-21 10:00:00,26.4
1884,2021-02-21 13:00:00,26.4
1885,2021-02-21 16:00:00,26.4
1886,2021-02-21 19:00:00,26.4
1887,2021-02-21 22:00:00,26.4
1888,2021-02-22 01:00:00,26.4
1889,2021-02-22 04:00:00,26.4
1890,2021-02-22 07:00:00,26.4
1891,2021-02-22 10:00:00,26.4
1892,2021-02-22 13:00:00,26.4
1893,2021-02-22 16:00:00,26.4
1894,2021-02-22 19:00:00,26.4
1895,2021-02-22 22:00:00,26.4
1896,2021-02-23 01:00:00,26.4
1897,2021-02-23 04:00:00,26.4
1898,2021-02-23 07:00:00,26.4
1899,2021-02-23 10:00:00,28.9
1900,2021-02-23 13:00:00,28.9
1901,2021-02-23 16:00:00,28.9
1902,2021-02-23 19:00:00,28.9
1903,2021-02-23 22:00:00,28.9
1904,2021-02-24 01:00:00,26.4
1905,2021-02-24 04:00:00,25.7
1906,2021-02-24 07:00:00,25.9
1907,2021-02-24 10:00:00,25.9
1908,2021-02-24 13:00:00,31.9
1909,2021-02-24 16:00:00,31.9
1910,2021-02-24 19:00:00,31.9
1911,2021-02-24 22:00:00,31.9
1912,2021-02-25 01:00:00,31.9
1913,2021-02-25 04:00:00,26.3
1914,2021-02-25 07:00:00,26.4
1915,2021-02-25 10:00:00,29.9
1916,2021-02-25 13:00:00,33.0
1917,2021-02-25 16:00:00,33.5
1918,2021-02-25 19:00:00,33.5
1919,2021-02-25 22:00:00,28.9
1920,2021-02-26 01:00:00,27.8
1921,2021-02-26 04:00:00,27.8
1922,2021-02-26 07:00:00,27.8
1923,2021-02-26 10:00:00,30.0
1924,2021-02-26 13:00:00,33.3
1925,2021-02-26 16:00:00,33.4
1926,2021-02-26 19:00:00,30.0
1927,2021-02-26 22:00:00,28.1
1928,2021-02-27 01:00:00,27.1
1929,2021-02-27 04:00:00,26.1
1930,2021-02-27 07:00:00,25.8
1931,2021-02-27 10:00:00,29.8
1932,2021-02-27 13:00:00,32.4
1933,2021-02-27 16:00:00,33.4
1934,2021-02-27 19:00:00,30.3
1935,2021-02-27 22:00:00,28.6
1936,2021-02-28 01:00:00,27.0
1937,2021-02-28 04:00:00,26.3
1938,2021-02-28 07:00:00,26.3
1939,2021-02-28 10:00:00,30.3
1940,2021-02-28 13:00:00,32.7
1941,2021-02-28 16:00:00,32.5
1942,2021-02-28 19:00:00,29.1
1943,2021-02-28 22:00:00,27.9
1944,2021-03-01 01:00:00,27.1
1945,2021-03-01 04:00:00,26.6
1946,2021-03-01 07:00:00,26.6
1947,2021-03-01 10:00:00,30.5
1948,2021-03-01 13:00:00,32.4
1949,2021-03-01 16:00:00,32.2
1950,2021-03-01 19:00:00,29.4
1951,2021-03-01 22:00:00,28.6
1952,2021-03-02 01:00:00,28.1
1953,2021-03-02 04:00:00,27.6
1954,2021-03-02 07:00:00,27.8
1955,2021-03-02 10:00:00,30.9
1956,2021-03-02 13:00:00,32.6
1957,2021-03-02 16:00:00,32.5
1958,2021-03-02 19:00:00,29.6
1959,2021-03-02 22:00:00,28.6
1960,2021-03-03 01:00:00,28.0
1961,2021-03-03 04:00:00,27.6
1962,2021-03-03 07:00:00,27.8
1963,2021-03-03 10:00:00,30.7
1964,2021-03-03 13:00:00,32.7
1965,2021-03-03 16:00:00,31.6
1966,2021-03-03 19:00:00,28.9
1967,2021-03-03 22:00:00,28.5
1968,2021-03-04 01:00:00,27.8
1969,2021-03-04 04:00:00,27.1
1970,2021-03-04 07:00:00,27.3
1971,2021-03-04 10:00:00,30.1
1972,2021-03-04 13:00:00,31.5
1973,2021-03-04 16:00:00,31.8
1974,2021-03-04 19:00:00,29.5
1975,2021-03-04 22:00:00,28.5
1976,2021-03-05 01:00:00,27.9
1977,2021-03-05 04:00:00,27.3
1978,2021-03-05 07:00:00,27.4
1979,2021-03-05 10:00:00,30.4
1980,2021-03-05 13:00:00,32.0
1981,2021-03-05 16:00:00,31.9
1982,2021-03-05 19:00:00,29.5
1983,2021-03-05 22:00:00,28.4
1984,2021-03-06 01:00:00,27.6
1985,2021-03-06 04:00:00,26.9
1986,2021-03-06 07:00:00,26.9
1987,2021-03-06 10:00:00,30.5
1988,2021-03-06 13:00:00,33.0
1989,2021-03-06 16:00:00,33.4
1990,2021-03-06 19:00:00,29.8
1991,2021-03-06 22:00:00,28.6
1992,2021-03-07 01:00:00,27.6
1993,2021-03-07 04:00:00,27.1
1994,2021-03-07 07:00:00,27.3
1995,2021-03-07 10:00:00,30.7
1996,2021-03-07 13:00:00,33.0
1997,2021-03-07 16:00:00,33.1
1998,2021-03-07 19:00:00,30.1
1999,2021-03-07 22:00:00,28.7
2000,2021-03-08 01:00:00,28.1
2001,2021-03-08 04:00:00,27.7
2002,2021-03-08 07:00:00,28.1
2003,2021-03-08 10:00:00,31.6
2004,2021-03-08 13:00:00,32.5
2005,2021-03-08 16:00:00,32.6
2006,2021-03-08 19:00:00,30.1
2007,2021-03-08 22:00:00,28.6
2008,2021-03-09 01:00:00,27.7
2009,2021-03-09 04:00:00,27.6
2010,2021-03-09 07:00:00,27.7
2011,2021-03-09 10:00:00,31.3
2012,2021-03-09 13:00:00,32.6
2013,2021-03-09 16:00:00,32.8
2014,2021-03-09 19:00:00,30.8
2015,2021-03-09 22:00:00,28.7
2016,2021-03-10 01:00:00,27.8
2017,2021-03-10 04:00:00,27.1
2018,2021-03-10 07:00:00,27.6
2019,2021-03-10 10:00:00,31.4
2020,2021-03-10 13:00:00,33.1
2021,2021-03-10 16:00:00,33.2
2022,2021-03-10 19:00:00,31.0
2023,2021-03-10 22:00:00,29.4
2024,2021-03-11 01:00:00,28.1
2025,2021-03-11 04:00:00,27.3
2026,2021-03-11 07:00:00,27.7
2027,2021-03-11 10:00:00,31.3
2028,2021-03-11 13:00:00,32.8
2029,2021-03-11 16:00:00,32.5
2030,2021-03-11 19:00:00,30.5
2031,2021-03-11 22:00:00,29.0
2032,2021-03-12 01:00:00,28.3
2033,2021-03-12 04:00:00,27.9
2034,2021-03-12 07:00:00,28.0
2035,2021-03-12 10:00:00,31.8
2036,2021-03-12 13:00:00,33.9
2037,2021-03-12 16:00:00,33.9
2038,2021-03-12 19:00:00,31.7
2039,2021-03-12 22:00:00,29.8
2040,2021-03-13 01:00:00,29.4
2041,2021-03-13 04:00:00,28.8
2042,2021-03-13 07:00:00,28.6
2043,2021-03-13 10:00:00,32.0
2044,2021-03-13 13:00:00,33.6
2045,2021-03-13 16:00:00,33.0
2046,2021-03-13 19:00:00,30.3
2047,2021-03-13 22:00:00,29.0
2048,2021-03-14 01:00:00,28.1
2049,2021-03-14 04:00:00,27.4
2050,2021-03-14 07:00:00,28.2
2051,2021-03-14 10:00:00,31.3
2052,2021-03-14 13:00:00,33.5
2053,2021-03-14 16:00:00,32.0
2054,2021-03-14 19:00:00,29.8
2055,2021-03-14 22:00:00,28.6
2056,2021-03-15 01:00:00,27.8
2057,2021-03-15 04:00:00,27.2
2058,2021-03-15 07:00:00,28.0
2059,2021-03-15 10:00:00,31.4
2060,2021-03-15 13:00:00,33.0
2061,2021-03-15 16:00:00,32.8
2062,2021-03-15 19:00:00,29.7
2063,2021-03-15 22:00:00,28.5
2064,2021-03-16 01:00:00,27.7
2065,2021-03-16 04:00:00,27.3
2066,2021-03-16 07:00:00,27.6
2067,2021-03-16 10:00:00,30.4
2068,2021-03-16 13:00:00,33.0
2069,2021-03-16 16:00:00,32.4
2070,2021-03-16 19:00:00,29.8
2071,2021-03-16 22:00:00,28.6
2072,2021-03-17 01:00:00,28.1
2073,2021-03-17 04:00:00,27.9
2074,2021-03-17 07:00:00,28.2
2075,2021-03-17 10:00:00,30.1
2076,2021-03-17 13:00:00,33.0
2077,2021-03-17 16:00:00,32.7
2078,2021-03-17 19:00:00,29.9
2079,2021-03-17 22:00:00,28.7
2080,2021-03-18 01:00:00,28.1
2081,2021-03-18 04:00:00,27.7
2082,2021-03-18 07:00:00,28.5
2083,2021-03-18 10:00:00,31.7
2084,2021-03-18 13:00:00,34.3
2085,2021-03-18 16:00:00,33.8
2086,2021-03-18 19:00:00,31.3
2087,2021-03-18 22:00:00,29.5
2088,2021-03-19 01:00:00,28.7
2089,2021-03-19 04:00:00,28.0
2090,2021-03-19 07:00:00,28.4
2091,2021-03-19 10:00:00,31.8
2092,2021-03-19 13:00:00,33.7
2093,2021-03-19 16:00:00,33.6
2094,2021-03-19 19:00:00,30.6
2095,2021-03-19 22:00:00,29.0
2096,2021-03-20 01:00:00,28.6
2097,2021-03-20 04:00:00,28.1
2098,2021-03-20 07:00:00,28.4
2099,2021-03-20 10:00:00,31.7
2100,2021-03-20 13:00:00,33.7
2101,2021-03-20 16:00:00,33.9
2102,2021-03-20 19:00:00,31.3
2103,2021-03-20 22:00:00,29.3
2104,2021-03-21 01:00:00,29.0
2105,2021-03-21 04:00:00,28.4
2106,2021-03-21 07:00:00,28.5
2107,2021-03-21 10:00:00,31.8
2108,2021-03-21 13:00:00,34.1
2109,2021-03-21 16:00:00,34.4
2110,2021-03-21 19:00:00,31.4
2111,2021-03-21 22:00:00,30.1
2112,2021-03-22 01:00:00,29.2
2113,2021-03-22 04:00:00,28.1
2114,2021-03-22 07:00:00,28.5
2115,2021-03-22 10:00:00,31.3
2116,2021-03-22 13:00:00,33.5
2117,2021-03-22 16:00:00,33.0
2118,2021-03-22 19:00:00,30.8
2119,2021-03-22 22:00:00,29.8
2120,2021-03-23 01:00:00,29.1
2121,2021-03-23 04:00:00,28.0
2122,2021-03-23 07:00:00,27.0
2123,2021-03-23 10:00:00,31.4
2124,2021-03-23 13:00:00,34.3
2125,2021-03-23 16:00:00,34.5
2126,2021-03-23 19:00:00,32.7
2127,2021-03-23 22:00:00,31.4
2128,2021-03-24 01:00:00,30.4
2129,2021-03-24 04:00:00,29.6
2130,2021-03-24 07:00:00,29.2
2131,2021-03-24 10:00:00,32.6
2132,2021-03-24 13:00:00,35.4
2133,2021-03-24 16:00:00,35.4
2134,2021-03-24 19:00:00,32.7
2135,2021-03-24 22:00:00,30.8
2136,2021-03-25 01:00:00,29.9
2137,2021-03-25 04:00:00,29.3
2138,2021-03-25 07:00:00,29.3
2139,2021-03-25 10:00:00,32.7
2140,2021-03-25 13:00:00,34.6
2141,2021-03-25 16:00:00,33.9
2142,2021-03-25 19:00:00,30.3
2143,2021-03-25 22:00:00,29.7
2144,2021-03-26 01:00:00,28.9
2145,2021-03-26 04:00:00,28.4
2146,2021-03-26 07:00:00,28.6
2147,2021-03-26 10:00:00,31.6
2148,2021-03-26 13:00:00,33.3
2149,2021-03-26 16:00:00,33.5
2150,2021-03-26 19:00:00,30.1
2151,2021-03-26 22:00:00,29.3
2152,2021-03-27 01:00:00,28.8
2153,2021-03-27 04:00:00,28.4
2154,2021-03-27 07:00:00,28.7
2155,2021-03-27 10:00:00,31.9
2156,2021-03-27 13:00:00,33.4
2157,2021-03-27 16:00:00,33.3
2158,2021-03-27 19:00:00,30.4
2159,2021-03-27 22:00:00,29.7
2160,2021-03-28 01:00:00,29.0
2161,2021-03-28 04:00:00,28.7
2162,2021-03-28 07:00:00,29.1
2163,2021-03-28 10:00:00,32.4
2164,2021-03-28 13:00:00,34.4
2165,2021-03-28 16:00:00,34.3
2166,2021-03-28 19:00:00,30.7
2167,2021-03-28 22:00:00,29.6
2168,2021-03-29 01:00:00,29.1
2169,2021-03-29 04:00:00,28.8
2170,2021-03-29 07:00:00,29.0
2171,2021-03-29 10:00:00,32.4
2172,2021-03-29 13:00:00,34.8
2173,2021-03-29 16:00:00,34.8
2174,2021-03-29 19:00:00,31.5
2175,2021-03-29 22:00:00,30.1
2176,2021-03-30 01:00:00,29.4
2177,2021-03-30 04:00:00,29.0
2178,2021-03-30 07:00:00,29.3
2179,2021-03-30 10:00:00,32.8
2180,2021-03-30 13:00:00,34.6
2181,2021-03-30 16:00:00,34.4
2182,2021-03-30 19:00:00,30.6
2183,2021-03-30 22:00:00,30.0
2184,2021-03-31 01:00:00,29.5
2185,2021-03-31 04:00:00,29.1
2186,2021-03-31 07:00:00,29.4
2187,2021-03-31 10:00:00,32.4
2188,2021-03-31 13:00:00,34.6
2189,2021-03-31 16:00:00,34.6
2190,2021-03-31 19:00:00,31.0
2191,2021-03-31 22:00:00,30.2
2192,2021-04-01 01:00:00,29.8
2193,2021-04-01 04:00:00,29.1
2194,2021-04-01 07:00:00,29.4
2195,2021-04-01 10:00:00,32.7
2196,2021-04-01 13:00:00,34.5
2197,2021-04-01 16:00:00,34.7
2198,2021-04-01 19:00:00,31.1
2199,2021-04-01 22:00:00,30.0
2200,2021-04-02 01:00:00,29.8
2201,2021-04-02 04:00:00,29.2
2202,2021-04-02 07:00:00,29.4
2203,2021-04-02 10:00:00,32.2
2204,2021-04-02 13:00:00,33.7
2205,2021-04-02 16:00:00,33.6
2206,2021-04-02 19:00:00,31.0
2207,2021-04-02 22:00:00,29.9
2208,2021-04-03 01:00:00,29.8
2209,2021-04-03 04:00:00,29.2
2210,2021-04-03 07:00:00,29.3
2211,2021-04-03 10:00:00,33.0
2212,2021-04-03 13:00:00,35.2
2213,2021-04-03 16:00:00,34.0
2214,2021-04-03 19:00:00,31.1
2215,2021-04-03 22:00:00,30.4
2216,2021-04-04 01:00:00,30.1
2217,2021-04-04 04:00:00,29.4
2218,2021-04-04 07:00:00,29.5
2219,2021-04-04 10:00:00,32.1
2220,2021-04-04 13:00:00,32.1
2221,2021-04-04 16:00:00,28.8
2222,2021-04-04 19:00:00,28.8
2223,2021-04-04 22:00:00,27.8
2224,2021-04-05 01:00:00,27.4
2225,2021-04-05 04:00:00,26.8
2226,2021-04-05 07:00:00,26.7
2227,2021-04-05 10:00:00,30.2
2228,2021-04-05 13:00:00,31.8
2229,2021-04-05 16:00:00,31.7
2230,2021-04-05 19:00:00,28.0
2231,2021-04-05 22:00:00,27.6
2232,2021-04-06 01:00:00,27.6
2233,2021-04-06 04:00:00,27.2
2234,2021-04-06 07:00:00,27.0
2235,2021-04-06 10:00:00,30.7
2236,2021-04-06 13:00:00,31.7
2237,2021-04-06 16:00:00,31.0
2238,2021-04-06 19:00:00,29.8
2239,2021-04-06 22:00:00,28.8
2240,2021-04-07 01:00:00,27.9
2241,2021-04-07 04:00:00,27.3
2242,2021-04-07 07:00:00,26.7
2243,2021-04-07 10:00:00,30.5
2244,2021-04-07 13:00:00,32.2
2245,2021-04-07 16:00:00,32.4
2246,2021-04-07 19:00:00,30.5
2247,2021-04-07 22:00:00,29.0
2248,2021-04-08 01:00:00,27.8
2249,2021-04-08 04:00:00,27.3
2250,2021-04-08 07:00:00,27.4
2251,2021-04-08 10:00:00,31.0
2252,2021-04-08 13:00:00,33.3
2253,2021-04-08 16:00:00,33.5
2254,2021-04-08 19:00:00,31.2
2255,2021-04-08 22:00:00,28.5
2256,2021-04-09 01:00:00,28.6
2257,2021-04-09 04:00:00,28.1
2258,2021-04-09 07:00:00,28.5
2259,2021-04-09 10:00:00,30.7
2260,2021-04-09 13:00:00,33.8
2261,2021-04-09 16:00:00,30.8
2262,2021-04-09 19:00:00,29.9
2263,2021-04-09 22:00:00,29.5
2264,2021-04-10 01:00:00,29.1
2265,2021-04-10 04:00:00,28.6
2266,2021-04-10 07:00:00,29.0
2267,2021-04-10 10:00:00,31.8
2268,2021-04-10 13:00:00,31.8
2269,2021-04-10 16:00:00,32.9
2270,2021-04-10 19:00:00,31.0
2271,2021-04-10 22:00:00,30.0
2272,2021-04-11 01:00:00,29.2
2273,2021-04-11 04:00:00,29.2
2274,2021-04-11 07:00:00,28.9
2275,2021-04-11 10:00:00,31.4
2276,2021-04-11 13:00:00,33.2
2277,2021-04-11 16:00:00,32.4
2278,2021-04-11 19:00:00,31.3
2279,2021-04-11 22:00:00,28.5
2280,2021-04-12 01:00:00,28.1
2281,2021-04-12 04:00:00,27.8
2282,2021-04-12 07:00:00,28.3
2283,2021-04-12 10:00:00,31.3
2284,2021-04-12 13:00:00,32.8
2285,2021-04-12 16:00:00,32.3
2286,2021-04-12 19:00:00,27.5
2287,2021-04-12 22:00:00,28.4
2288,2021-04-13 01:00:00,28.8
2289,2021-04-13 04:00:00,28.3
2290,2021-04-13 07:00:00,28.4
2291,2021-04-13 10:00:00,31.3
2292,2021-04-13 13:00:00,33.1
2293,2021-04-13 16:00:00,31.9
2294,2021-04-13 19:00:00,30.3
2295,2021-04-13 22:00:00,29.6
2296,2021-04-14 01:00:00,28.9
2297,2021-04-14 04:00:00,28.2
2298,2021-04-14 07:00:00,28.4
2299,2021-04-14 10:00:00,30.7
2300,2021-04-14 13:00:00,32.0
2301,2021-04-14 16:00:00,31.7
2302,2021-04-14 19:00:00,29.5
2303,2021-04-14 22:00:00,28.5
2304,2021-04-15 01:00:00,28.4
2305,2021-04-15 04:00:00,28.0
2306,2021-04-15 07:00:00,28.0
2307,2021-04-15 10:00:00,30.6
2308,2021-04-15 13:00:00,33.3
2309,2021-04-15 16:00:00,34.0
2310,2021-04-15 19:00:00,31.7
2311,2021-04-15 22:00:00,30.3
2312,2021-04-16 01:00:00,29.5
2313,2021-04-16 04:00:00,29.2
2314,2021-04-16 07:00:00,29.4
2315,2021-04-16 10:00:00,32.3
2316,2021-04-16 13:00:00,34.2
2317,2021-04-16 16:00:00,33.6
2318,2021-04-16 19:00:00,31.5
2319,2021-04-16 22:00:00,30.4
2320,2021-04-17 01:00:00,29.4
2321,2021-04-17 04:00:00,29.4
2322,2021-04-17 07:00:00,29.4
2323,2021-04-17 10:00:00,29.4
2324,2021-04-17 13:00:00,29.4
2325,2021-04-17 16:00:00,33.5
2326,2021-04-17 19:00:00,31.7
2327,2021-04-17 22:00:00,30.4
2328,2021-04-18 01:00:00,29.2
2329,2021-04-18 04:00:00,27.9
2330,2021-04-18 07:00:00,28.3
2331,2021-04-18 10:00:00,31.0
2332,2021-04-18 13:00:00,33.5
2333,2021-04-18 16:00:00,33.3
2334,2021-04-18 19:00:00,31.6
2335,2021-04-18 22:00:00,29.3
2336,2021-04-19 01:00:00,29.3
2337,2021-04-19 04:00:00,28.0
2338,2021-04-19 07:00:00,27.9
2339,2021-04-19 10:00:00,30.9
2340,2021-04-19 13:00:00,33.3
2341,2021-04-19 16:00:00,33.1
2342,2021-04-19 19:00:00,30.2
2343,2021-04-19 22:00:00,27.6
2344,2021-04-20 01:00:00,28.5
2345,2021-04-20 04:00:00,27.8
2346,2021-04-20 07:00:00,28.0
2347,2021-04-20 10:00:00,31.1
2348,2021-04-20 13:00:00,32.2
2349,2021-04-20 16:00:00,33.1
2350,2021-04-20 19:00:00,31.3
2351,2021-04-20 22:00:00,29.8
2352,2021-04-21 01:00:00,29.3
2353,2021-04-21 04:00:00,28.8
2354,2021-04-21 07:00:00,28.8
2355,2021-04-21 10:00:00,31.6
2356,2021-04-21 13:00:00,33.6
2357,2021-04-21 16:00:00,33.4
2358,2021-04-21 19:00:00,31.5
2359,2021-04-21 22:00:00,29.7
2360,2021-04-22 01:00:00,29.4
2361,2021-04-22 04:00:00,29.1
2362,2021-04-22 07:00:00,29.5
2363,2021-04-22 10:00:00,29.5
2364,2021-04-22 13:00:00,29.5
2365,2021-04-22 16:00:00,29.5
2366,2021-04-22 19:00:00,29.5
2367,2021-04-22 22:00:00,29.5
2368,2021-04-23 01:00:00,29.5
2369,2021-04-23 04:00:00,29.5
2370,2021-04-23 07:00:00,29.5
2371,2021-04-23 10:00:00,29.5
2372,2021-04-23 13:00:00,29.5
2373,2021-04-23 16:00:00,29.5
2374,2021-04-23 19:00:00,32.0
2375,2021-04-23 22:00:00,30.8
2376,2021-04-24 01:00:00,30.1
2377,2021-04-24 04:00:00,29.4
2378,2021-04-24 07:00:00,29.2
2379,2021-04-24 10:00:00,32.5
2380,2021-04-24 13:00:00,34.1
2381,2021-04-24 16:00:00,34.4
2382,2021-04-24 19:00:00,31.1
2383,2021-04-24 22:00:00,30.4
2384,2021-04-25 01:00:00,30.1
2385,2021-04-25 04:00:00,29.4
2386,2021-04-25 07:00:00,29.4
2387,2021-04-25 10:00:00,32.1
2388,2021-04-25 13:00:00,33.7
2389,2021-04-25 16:00:00,33.3
2390,2021-04-25 19:00:00,31.3
2391,2021-04-25 22:00:00,29.2
2392,2021-04-26 01:00:00,29.1
2393,2021-04-26 04:00:00,28.6
2394,2021-04-26 07:00:00,28.4
2395,2021-04-26 10:00:00,31.0
2396,2021-04-26 13:00:00,33.3
2397,2021-04-26 16:00:00,32.8
2398,2021-04-26 19:00:00,31.3
2399,2021-04-26 22:00:00,29.7
2400,2021-04-27 01:00:00,28.9
2401,2021-04-27 04:00:00,28.0
2402,2021-04-27 07:00:00,28.0
2403,2021-04-27 10:00:00,28.0
2404,2021-04-27 13:00:00,31.2
2405,2021-04-27 16:00:00,31.5
2406,2021-04-27 19:00:00,28.4
2407,2021-04-27 22:00:00,27.9
2408,2021-04-28 01:00:00,27.7
2409,2021-04-28 04:00:00,27.2
2410,2021-04-28 07:00:00,27.1
2411,2021-04-28 10:00:00,29.4
2412,2021-04-28 13:00:00,30.8
2413,2021-04-28 16:00:00,30.4
2414,2021-04-28 19:00:00,27.7
2415,2021-04-28 22:00:00,27.8
2416,2021-04-29 01:00:00,27.5
2417,2021-04-29 04:00:00,27.5
2418,2021-04-29 07:00:00,27.5
2419,2021-04-29 10:00:00,27.5
2420,2021-04-29 13:00:00,27.5
2421,2021-04-29 16:00:00,29.6
2422,2021-04-29 19:00:00,27.6
2423,2021-04-29 22:00:00,27.7
2424,2021-04-30 01:00:00,27.0
2425,2021-04-30 04:00:00,26.5
2426,2021-04-30 07:00:00,26.4
2427,2021-04-30 10:00:00,26.4
2428,2021-04-30 13:00:00,30.9
2429,2021-04-30 16:00:00,31.3
2430,2021-04-30 19:00:00,29.2
2431,2021-04-30 22:00:00,28.6
2432,2021-05-01 01:00:00,28.1
2433,2021-05-01 04:00:00,26.8
2434,2021-05-01 07:00:00,26.9
2435,2021-05-01 10:00:00,29.7
2436,2021-05-01 13:00:00,32.2
2437,2021-05-01 16:00:00,31.0
2438,2021-05-01 19:00:00,30.2
2439,2021-05-01 22:00:00,29.1
2440,2021-05-02 01:00:00,28.9
2441,2021-05-02 04:00:00,28.2
2442,2021-05-02 07:00:00,28.6
2443,2021-05-02 10:00:00,31.6
2444,2021-05-02 13:00:00,33.4
2445,2021-05-02 16:00:00,32.7
2446,2021-05-02 19:00:00,30.9
2447,2021-05-02 22:00:00,30.0
2448,2021-05-03 01:00:00,29.3
2449,2021-05-03 04:00:00,28.8
2450,2021-05-03 07:00:00,29.2
2451,2021-05-03 10:00:00,31.9
2452,2021-05-03 13:00:00,33.8
2453,2021-05-03 16:00:00,33.8
2454,2021-05-03 19:00:00,31.6
2455,2021-05-03 22:00:00,31.6
2456,2021-05-04 01:00:00,30.1
2457,2021-05-04 04:00:00,29.5
2458,2021-05-04 07:00:00,29.7
2459,2021-05-04 10:00:00,32.6
2460,2021-05-04 13:00:00,34.7
2461,2021-05-04 16:00:00,34.2
2462,2021-05-04 19:00:00,31.3
2463,2021-05-04 22:00:00,29.2
2464,2021-05-05 01:00:00,28.8
2465,2021-05-05 04:00:00,28.6
2466,2021-05-05 07:00:00,28.4
2467,2021-05-05 10:00:00,32.1
2468,2021-05-05 13:00:00,34.5
2469,2021-05-05 16:00:00,34.5
2470,2021-05-05 19:00:00,32.6
2471,2021-05-05 22:00:00,30.8
2472,2021-05-06 01:00:00,30.4
2473,2021-05-06 04:00:00,30.0
2474,2021-05-06 07:00:00,29.0
2475,2021-05-06 10:00:00,29.7
2476,2021-05-06 13:00:00,29.7
2477,2021-05-06 16:00:00,29.4
2478,2021-05-06 19:00:00,28.8
2479,2021-05-06 22:00:00,28.2
2480,2021-05-07 01:00:00,27.0
2481,2021-05-07 04:00:00,26.7
2482,2021-05-07 07:00:00,26.5
2483,2021-05-07 10:00:00,27.5
2484,2021-05-07 13:00:00,29.5
2485,2021-05-07 16:00:00,31.2
2486,2021-05-07 19:00:00,29.0
2487,2021-05-07 22:00:00,27.9
2488,2021-05-08 01:00:00,26.9
2489,2021-05-08 04:00:00,26.7
2490,2021-05-08 07:00:00,27.1
2491,2021-05-08 10:00:00,30.6
2492,2021-05-08 13:00:00,33.4
2493,2021-05-08 16:00:00,33.3
2494,2021-05-08 19:00:00,31.1
2495,2021-05-08 22:00:00,28.8
2496,2021-05-09 01:00:00,27.6
2497,2021-05-09 04:00:00,27.7
2498,2021-05-09 07:00:00,27.8
2499,2021-05-09 10:00:00,30.9
2500,2021-05-09 13:00:00,33.2
2501,2021-05-09 16:00:00,33.7
2502,2021-05-09 19:00:00,31.7
2503,2021-05-09 22:00:00,30.7
2504,2021-05-10 01:00:00,29.8
2505,2021-05-10 04:00:00,29.2
2506,2021-05-10 07:00:00,29.5
2507,2021-05-10 10:00:00,32.3
2508,2021-05-10 13:00:00,34.0
2509,2021-05-10 16:00:00,34.4
2510,2021-05-10 19:00:00,31.6
2511,2021-05-10 22:00:00,30.3
2512,2021-05-11 01:00:00,29.3
2513,2021-05-11 04:00:00,29.0
2514,2021-05-11 07:00:00,29.5
2515,2021-05-11 10:00:00,32.4
2516,2021-05-11 13:00:00,34.3
2517,2021-05-11 16:00:00,33.8
2518,2021-05-11 19:00:00,31.9
2519,2021-05-11 22:00:00,30.7
2520,2021-05-12 01:00:00,30.2
2521,2021-05-12 04:00:00,29.7
2522,2021-05-12 07:00:00,30.2
2523,2021-05-12 10:00:00,32.8
2524,2021-05-12 13:00:00,34.8
2525,2021-05-12 16:00:00,33.9
2526,2021-05-12 19:00:00,31.8
2527,2021-05-12 22:00:00,30.6
2528,2021-05-13 01:00:00,30.3
2529,2021-05-13 04:00:00,30.0
2530,2021-05-13 07:00:00,30.4
2531,2021-05-13 10:00:00,33.0
2532,2021-05-13 13:00:00,34.8
2533,2021-05-13 16:00:00,34.5
2534,2021-05-13 19:00:00,32.1
2535,2021-05-13 22:00:00,30.9
2536,2021-05-14 01:00:00,30.4
2537,2021-05-14 04:00:00,30.0
2538,2021-05-14 07:00:00,30.4
2539,2021-05-14 10:00:00,33.2
2540,2021-05-14 13:00:00,35.1
2541,2021-05-14 16:00:00,35.2
2542,2021-05-14 19:00:00,32.4
2543,2021-05-14 22:00:00,30.8
2544,2021-05-15 01:00:00,30.4
2545,2021-05-15 04:00:00,29.7
2546,2021-05-15 07:00:00,30.2
2547,2021-05-15 10:00:00,33.2
2548,2021-05-15 13:00:00,35.0
2549,2021-05-15 16:00:00,33.7
2550,2021-05-15 19:00:00,32.2
2551,2021-05-15 22:00:00,30.9
2552,2021-05-16 01:00:00,30.3
2553,2021-05-16 04:00:00,29.9
2554,2021-05-16 07:00:00,30.2
2555,2021-05-16 10:00:00,33.0
2556,2021-05-16 13:00:00,34.6
2557,2021-05-16 16:00:00,34.0
2558,2021-05-16 19:00:00,31.7
2559,2021-05-16 22:00:00,30.7
2560,2021-05-17 01:00:00,30.2
2561,2021-05-17 04:00:00,29.9
2562,2021-05-17 07:00:00,30.4
2563,2021-05-17 10:00:00,33.1
2564,2021-05-17 13:00:00,35.1
2565,2021-05-17 16:00:00,34.2
2566,2021-05-17 19:00:00,32.3
2567,2021-05-17 22:00:00,31.3
2568,2021-05-18 01:00:00,30.7
2569,2021-05-18 04:00:00,30.7
2570,2021-05-18 07:00:00,30.7
2571,2021-05-18 10:00:00,33.6
2572,2021-05-18 13:00:00,35.1
2573,2021-05-18 16:00:00,35.0
2574,2021-05-18 19:00:00,32.0
2575,2021-05-18 22:00:00,31.1
2576,2021-05-19 01:00:00,30.5
2577,2021-05-19 04:00:00,29.3
2578,2021-05-19 07:00:00,29.8
2579,2021-05-19 10:00:00,33.4
2580,2021-05-19 13:00:00,35.9
2581,2021-05-19 16:00:00,34.6
2582,2021-05-19 19:00:00,30.7
2583,2021-05-19 22:00:00,26.9
2584,2021-05-20 01:00:00,26.9
2585,2021-05-20 04:00:00,28.0
2586,2021-05-20 07:00:00,28.2
2587,2021-05-20 10:00:00,31.3
2588,2021-05-20 13:00:00,33.3
2589,2021-05-20 16:00:00,33.9
2590,2021-05-20 19:00:00,31.6
2591,2021-05-20 22:00:00,30.5
2592,2021-05-21 01:00:00,30.1
2593,2021-05-21 04:00:00,29.0
2594,2021-05-21 07:00:00,29.0
2595,2021-05-21 10:00:00,32.0
2596,2021-05-21 13:00:00,33.6
2597,2021-05-21 16:00:00,34.5
2598,2021-05-21 19:00:00,30.8
2599,2021-05-21 22:00:00,28.6
2600,2021-05-22 01:00:00,29.0
2601,2021-05-22 04:00:00,28.1
2602,2021-05-22 07:00:00,28.3
2603,2021-05-22 10:00:00,31.3
2604,2021-05-22 13:00:00,33.6
2605,2021-05-22 16:00:00,33.6
2606,2021-05-22 19:00:00,32.4
2607,2021-05-22 22:00:00,30.3
2608,2021-05-23 01:00:00,29.2
2609,2021-05-23 04:00:00,28.7
2610,2021-05-23 07:00:00,28.9
2611,2021-05-23 10:00:00,32.0
2612,2021-05-23 13:00:00,34.7
2613,2021-05-23 16:00:00,32.7
2614,2021-05-23 19:00:00,32.3
2615,2021-05-23 22:00:00,31.1
2616,2021-05-24 01:00:00,29.8
2617,2021-05-24 04:00:00,28.6
2618,2021-05-24 07:00:00,28.4
2619,2021-05-24 10:00:00,30.5
2620,2021-05-24 13:00:00,33.1
2621,2021-05-24 16:00:00,33.9
2622,2021-05-24 19:00:00,31.8
2623,2021-05-24 22:00:00,30.7
2624,2021-05-25 01:00:00,29.8
2625,2021-05-25 04:00:00,29.1
2626,2021-05-25 07:00:00,29.5
2627,2021-05-25 10:00:00,30.8
2628,2021-05-25 13:00:00,30.9
2629,2021-05-25 16:00:00,30.6
2630,2021-05-25 19:00:00,29.4
2631,2021-05-25 22:00:00,27.4
2632,2021-05-26 01:00:00,27.6
2633,2021-05-26 04:00:00,27.3
2634,2021-05-26 07:00:00,27.4
2635,2021-05-26 10:00:00,29.9
2636,2021-05-26 13:00:00,31.9
2637,2021-05-26 16:00:00,31.1
2638,2021-05-26 19:00:00,29.7
2639,2021-05-26 22:00:00,29.6
2640,2021-05-27 01:00:00,28.7
2641,2021-05-27 04:00:00,28.4
2642,2021-05-27 07:00:00,28.4
2643,2021-05-27 10:00:00,31.0
2644,2021-05-27 13:00:00,32.0
2645,2021-05-27 16:00:00,32.8
2646,2021-05-27 19:00:00,30.0
2647,2021-05-27 22:00:00,27.1
2648,2021-05-28 01:00:00,26.5
2649,2021-05-28 04:00:00,27.0
2650,2021-05-28 07:00:00,27.3
2651,2021-05-28 10:00:00,29.7
2652,2021-05-28 13:00:00,31.3
2653,2021-05-28 16:00:00,31.1
2654,2021-05-28 19:00:00,29.5
2655,2021-05-28 22:00:00,29.0
2656,2021-05-29 01:00:00,27.8
2657,2021-05-29 04:00:00,27.8
2658,2021-05-29 07:00:00,28.0
2659,2021-05-29 10:00:00,31.0
2660,2021-05-29 13:00:00,32.6
2661,2021-05-29 16:00:00,32.5
2662,2021-05-29 19:00:00,29.9
2663,2021-05-29 22:00:00,29.6
2664,2021-05-30 01:00:00,28.9
2665,2021-05-30 04:00:00,28.2
2666,2021-05-30 07:00:00,28.7
2667,2021-05-30 10:00:00,31.3
2668,2021-05-30 13:00:00,32.9
2669,2021-05-30 16:00:00,32.8
2670,2021-05-30 19:00:00,30.6
2671,2021-05-30 22:00:00,30.2
2672,2021-05-31 01:00:00,29.4
2673,2021-05-31 04:00:00,28.6
2674,2021-05-31 07:00:00,29.1
2675,2021-05-31 10:00:00,31.9
2676,2021-05-31 13:00:00,33.7
2677,2021-05-31 16:00:00,33.5
2678,2021-05-31 19:00:00,31.2
2679,2021-05-31 22:00:00,30.5
2680,2021-06-01 01:00:00,29.7
2681,2021-06-01 04:00:00,28.7
2682,2021-06-01 07:00:00,28.9
2683,2021-06-01 10:00:00,32.1
2684,2021-06-01 13:00:00,34.4
2685,2021-06-01 16:00:00,34.4
2686,2021-06-01 19:00:00,32.0
2687,2021-06-01 22:00:00,31.1
2688,2021-06-02 01:00:00,30.5
2689,2021-06-02 04:00:00,29.8
2690,2021-06-02 07:00:00,29.2
2691,2021-06-02 10:00:00,32.8
2692,2021-06-02 13:00:00,34.8
2693,2021-06-02 16:00:00,35.1
2694,2021-06-02 19:00:00,32.1
2695,2021-06-02 22:00:00,30.8
2696,2021-06-03 01:00:00,30.8
2697,2021-06-03 04:00:00,30.8
2698,2021-06-03 07:00:00,30.8
2699,2021-06-03 10:00:00,30.8
2700,2021-06-03 13:00:00,34.3
2701,2021-06-03 16:00:00,33.0
2702,2021-06-03 19:00:00,31.4
2703,2021-06-03 22:00:00,30.8
2704,2021-06-04 01:00:00,29.8
2705,2021-06-04 04:00:00,29.5
2706,2021-06-04 07:00:00,29.2
2707,2021-06-04 10:00:00,33.2
2708,2021-06-04 13:00:00,35.0
2709,2021-06-04 16:00:00,35.3
2710,2021-06-04 19:00:00,32.6
2711,2021-06-04 22:00:00,31.3
2712,2021-06-05 01:00:00,30.0
2713,2021-06-05 04:00:00,29.1
2714,2021-06-05 07:00:00,29.2
2715,2021-06-05 10:00:00,32.9
2716,2021-06-05 13:00:00,34.7
2717,2021-06-05 16:00:00,33.8
2718,2021-06-05 19:00:00,29.4
2719,2021-06-05 22:00:00,30.1
2720,2021-06-06 01:00:00,29.1
2721,2021-06-06 04:00:00,28.4
2722,2021-06-06 07:00:00,28.9
2723,2021-06-06 10:00:00,31.1
2724,2021-06-06 13:00:00,33.5
2725,2021-06-06 16:00:00,32.6
2726,2021-06-06 19:00:00,31.3
2727,2021-06-06 22:00:00,29.9
2728,2021-06-07 01:00:00,29.2
2729,2021-06-07 04:00:00,28.6
2730,2021-06-07 07:00:00,28.9
2731,2021-06-07 10:00:00,31.9
2732,2021-06-07 13:00:00,31.5
2733,2021-06-07 16:00:00,30.6
2734,2021-06-07 19:00:00,29.1
2735,2021-06-07 22:00:00,28.9
2736,2021-06-08 01:00:00,28.8
2737,2021-06-08 04:00:00,27.9
2738,2021-06-08 07:00:00,28.3
2739,2021-06-08 10:00:00,30.0
2740,2021-06-08 13:00:00,29.8
2741,2021-06-08 16:00:00,31.3
2742,2021-06-08 19:00:00,29.0
2743,2021-06-08 22:00:00,28.7
2744,2021-06-09 01:00:00,28.2
2745,2021-06-09 04:00:00,27.7
2746,2021-06-09 07:00:00,27.8
2747,2021-06-09 10:00:00,27.5
2748,2021-06-09 13:00:00,27.4
2749,2021-06-09 16:00:00,28.7
2750,2021-06-09 19:00:00,28.3
2751,2021-06-09 22:00:00,27.8
2752,2021-06-10 01:00:00,27.8
2753,2021-06-10 04:00:00,25.9
2754,2021-06-10 07:00:00,26.1
2755,2021-06-10 10:00:00,27.3
2756,2021-06-10 13:00:00,28.0
2757,2021-06-10 16:00:00,27.9
2758,2021-06-10 19:00:00,27.8
2759,2021-06-10 22:00:00,28.2
2760,2021-06-11 01:00:00,27.0
2761,2021-06-11 04:00:00,26.8
2762,2021-06-11 07:00:00,27.0
2763,2021-06-11 10:00:00,28.4
2764,2021-06-11 13:00:00,27.6
2765,2021-06-11 16:00:00,27.9
2766,2021-06-11 19:00:00,27.7
2767,2021-06-11 22:00:00,27.9
2768,2021-06-12 01:00:00,26.1
2769,2021-06-12 04:00:00,26.6
2770,2021-06-12 07:00:00,26.9
2771,2021-06-12 10:00:00,27.8
2772,2021-06-12 13:00:00,28.9
2773,2021-06-12 16:00:00,30.5
2774,2021-06-12 19:00:00,29.1
2775,2021-06-12 22:00:00,28.5
2776,2021-06-13 01:00:00,27.8
2777,2021-06-13 04:00:00,26.8
2778,2021-06-13 07:00:00,26.9
2779,2021-06-13 10:00:00,28.6
2780,2021-06-13 13:00:00,30.2
2781,2021-06-13 16:00:00,28.4
2782,2021-06-13 19:00:00,28.2
2783,2021-06-13 22:00:00,27.8
2784,2021-06-14 01:00:00,27.7
2785,2021-06-14 04:00:00,27.7
2786,2021-06-14 07:00:00,27.8
2787,2021-06-14 10:00:00,30.5
2788,2021-06-14 13:00:00,30.9
2789,2021-06-14 16:00:00,30.9
2790,2021-06-14 19:00:00,29.4
2791,2021-06-14 22:00:00,28.6
2792,2021-06-15 01:00:00,28.3
2793,2021-06-15 04:00:00,28.3
2794,2021-06-15 07:00:00,28.3
2795,2021-06-15 10:00:00,28.2
2796,2021-06-15 13:00:00,28.7
2797,2021-06-15 16:00:00,29.8
2798,2021-06-15 19:00:00,28.0
2799,2021-06-15 22:00:00,28.0
2800,2021-06-16 01:00:00,27.7
2801,2021-06-16 04:00:00,27.4
2802,2021-06-16 07:00:00,28.1
2803,2021-06-16 10:00:00,30.5
2804,2021-06-16 13:00:00,31.7
2805,2021-06-16 16:00:00,31.4
2806,2021-06-16 19:00:00,30.0
2807,2021-06-16 22:00:00,29.0
2808,2021-06-17 01:00:00,28.4
2809,2021-06-17 04:00:00,27.9
2810,2021-06-17 07:00:00,28.2
2811,2021-06-17 10:00:00,30.5
2812,2021-06-17 13:00:00,32.8
2813,2021-06-17 16:00:00,32.4
2814,2021-06-17 19:00:00,29.8
2815,2021-06-17 22:00:00,29.1
2816,2021-06-18 01:00:00,28.3
2817,2021-06-18 04:00:00,27.9
2818,2021-06-18 07:00:00,27.9
2819,2021-06-18 10:00:00,31.2
2820,2021-06-18 13:00:00,33.4
2821,2021-06-18 16:00:00,33.4
2822,2021-06-18 19:00:00,31.1
2823,2021-06-18 22:00:00,29.2
2824,2021-06-19 01:00:00,29.4
2825,2021-06-19 04:00:00,28.1
2826,2021-06-19 07:00:00,27.7
2827,2021-06-19 10:00:00,31.6
2828,2021-06-19 13:00:00,33.8
2829,2021-06-19 16:00:00,34.2
2830,2021-06-19 19:00:00,31.5
2831,2021-06-19 22:00:00,29.9
2832,2021-06-20 01:00:00,29.4
2833,2021-06-20 04:00:00,27.8
2834,2021-06-20 07:00:00,27.8
2835,2021-06-20 10:00:00,31.8
2836,2021-06-20 13:00:00,34.1
2837,2021-06-20 16:00:00,33.3
2838,2021-06-20 19:00:00,31.1
2839,2021-06-20 22:00:00,30.2
2840,2021-06-21 01:00:00,29.1
2841,2021-06-21 04:00:00,28.3
2842,2021-06-21 07:00:00,28.2
2843,2021-06-21 10:00:00,32.1
2844,2021-06-21 13:00:00,34.1
2845,2021-06-21 16:00:00,32.7
2846,2021-06-21 19:00:00,28.3
2847,2021-06-21 22:00:00,28.3
2848,2021-06-22 01:00:00,28.3
2849,2021-06-22 04:00:00,27.4
2850,2021-06-22 07:00:00,27.9
2851,2021-06-22 10:00:00,31.7
2852,2021-06-22 13:00:00,33.4
2853,2021-06-22 16:00:00,33.2
2854,2021-06-22 19:00:00,30.4
2855,2021-06-22 22:00:00,29.0
2856,2021-06-23 01:00:00,28.0
2857,2021-06-23 04:00:00,27.3
2858,2021-06-23 07:00:00,27.8
2859,2021-06-23 10:00:00,31.3
2860,2021-06-23 13:00:00,33.4
2861,2021-06-23 16:00:00,32.5
2862,2021-06-23 19:00:00,28.9
2863,2021-06-23 22:00:00,27.2
2864,2021-06-24 01:00:00,27.2
2865,2021-06-24 04:00:00,26.5
2866,2021-06-24 07:00:00,27.0
2867,2021-06-24 10:00:00,30.1
2868,2021-06-24 13:00:00,32.7
2869,2021-06-24 16:00:00,32.0
2870,2021-06-24 19:00:00,30.0
2871,2021-06-24 22:00:00,29.2
2872,2021-06-25 01:00:00,28.1
2873,2021-06-25 04:00:00,27.0
2874,2021-06-25 07:00:00,27.3
2875,2021-06-25 10:00:00,30.8
2876,2021-06-25 13:00:00,32.9
2877,2021-06-25 16:00:00,31.9
2878,2021-06-25 19:00:00,29.7
2879,2021-06-25 22:00:00,29.5
2880,2021-06-26 01:00:00,29.0
2881,2021-06-26 04:00:00,27.9
2882,2021-06-26 07:00:00,28.1
2883,2021-06-26 10:00:00,28.1
2884,2021-06-26 13:00:00,28.1
2885,2021-06-26 16:00:00,32.6
2886,2021-06-26 19:00:00,32.6
2887,2021-06-26 22:00:00,32.6
2888,2021-06-27 01:00:00,32.6
2889,2021-06-27 04:00:00,32.6
2890,2021-06-27 07:00:00,32.6
2891,2021-06-27 10:00:00,32.6
2892,2021-06-27 13:00:00,32.6
2893,2021-06-27 16:00:00,32.6
2894,2021-06-27 19:00:00,30.4
2895,2021-06-27 22:00:00,30.4
2896,2021-06-28 01:00:00,29.2
2897,2021-06-28 04:00:00,28.2
2898,2021-06-28 07:00:00,28.3
2899,2021-06-28 10:00:00,31.3
2900,2021-06-28 13:00:00,33.7
2901,2021-06-28 16:00:00,33.7
2902,2021-06-28 19:00:00,30.4
2903,2021-06-28 22:00:00,30.4
2904,2021-06-29 01:00:00,29.5
2905,2021-06-29 04:00:00,28.8
2906,2021-06-29 07:00:00,28.2
2907,2021-06-29 10:00:00,31.6
2908,2021-06-29 13:00:00,32.4
2909,2021-06-29 16:00:00,32.4
2910,2021-06-29 19:00:00,29.7
2911,2021-06-29 22:00:00,28.5
2912,2021-06-30 01:00:00,28.1
2913,2021-06-30 04:00:00,28.0
2914,2021-06-30 07:00:00,28.4
2915,2021-06-30 10:00:00,31.7
2916,2021-06-30 13:00:00,33.5
2917,2021-06-30 16:00:00,31.5
2918,2021-06-30 19:00:00,26.7
2919,2021-06-30 22:00:00,28.5
2920,2021-07-01 01:00:00,28.1
2921,2021-07-01 04:00:00,26.9
2922,2021-07-01 07:00:00,27.2
2923,2021-07-01 10:00:00,30.8
2924,2021-07-01 13:00:00,32.5
2925,2021-07-01 16:00:00,32.5
2926,2021-07-01 19:00:00,29.1
2927,2021-07-01 22:00:00,29.1
