,date_time,wind_speed,wind_dir
0,2020-07-01 01:00:00,21,205
1,2020-07-01 04:00:00,18,210
2,2020-07-01 07:00:00,19,225
3,2020-07-01 10:00:00,21,230
4,2020-07-01 13:00:00,13,235
5,2020-07-01 16:00:00,11,230
6,2020-07-01 19:00:00,9,225
7,2020-07-01 22:00:00,17,185
8,2020-07-02 01:00:00,18,210
9,2020-07-02 04:00:00,16,240
10,2020-07-02 07:00:00,10,225
11,2020-07-02 10:00:00,16,215
12,2020-07-02 13:00:00,14,215
13,2020-07-02 16:00:00,11,220
14,2020-07-02 19:00:00,9,205
15,2020-07-02 22:00:00,14,200
16,2020-07-03 01:00:00,15,210
17,2020-07-03 04:00:00,12,200
18,2020-07-03 07:00:00,6,195
19,2020-07-03 10:00:00,14,200
20,2020-07-03 13:00:00,13,220
21,2020-07-03 16:00:00,6,260
22,2020-07-03 19:00:00,1,5
23,2020-07-03 22:00:00,11,195
24,2020-07-04 01:00:00,16,210
25,2020-07-04 04:00:00,17,205
26,2020-07-04 07:00:00,14,225
27,2020-07-04 10:00:00,13,205
28,2020-07-04 13:00:00,10,245
29,2020-07-04 16:00:00,9,220
30,2020-07-04 19:00:00,10,210
31,2020-07-04 22:00:00,11,210
32,2020-07-05 01:00:00,9,215
33,2020-07-05 04:00:00,9,200
34,2020-07-05 07:00:00,11,225
35,2020-07-05 10:00:00,8,265
36,2020-07-05 13:00:00,3,290
37,2020-07-05 16:00:00,3,350
38,2020-07-05 19:00:00,0,180
39,2020-07-05 22:00:00,6,225
40,2020-07-06 01:00:00,7,240
41,2020-07-06 04:00:00,9,220
42,2020-07-06 07:00:00,9,245
43,2020-07-06 10:00:00,6,295
44,2020-07-06 13:00:00,1,115
45,2020-07-06 16:00:00,7,175
46,2020-07-06 19:00:00,5,155
47,2020-07-06 22:00:00,10,160
48,2020-07-07 01:00:00,7,190
49,2020-07-07 04:00:00,10,195
50,2020-07-07 07:00:00,11,180
51,2020-07-07 10:00:00,14,175
52,2020-07-07 13:00:00,14,170
53,2020-07-07 16:00:00,12,165
54,2020-07-07 19:00:00,10,155
55,2020-07-07 22:00:00,11,170
56,2020-07-08 01:00:00,8,175
57,2020-07-08 04:00:00,7,200
58,2020-07-08 07:00:00,10,180
59,2020-07-08 10:00:00,13,205
60,2020-07-08 13:00:00,13,210
61,2020-07-08 16:00:00,10,210
62,2020-07-08 19:00:00,8,180
63,2020-07-08 22:00:00,11,205
64,2020-07-09 01:00:00,14,185
65,2020-07-09 04:00:00,11,220
66,2020-07-09 07:00:00,11,200
67,2020-07-09 10:00:00,12,230
68,2020-07-09 13:00:00,13,220
69,2020-07-09 16:00:00,16,225
70,2020-07-09 19:00:00,11,200
71,2020-07-09 22:00:00,10,220
72,2020-07-10 01:00:00,10,200
73,2020-07-10 04:00:00,9,220
74,2020-07-10 07:00:00,13,205
75,2020-07-10 10:00:00,16,220
76,2020-07-10 13:00:00,13,225
77,2020-07-10 16:00:00,14,230
78,2020-07-10 19:00:00,12,225
79,2020-07-10 22:00:00,14,235
80,2020-07-11 01:00:00,8,195
81,2020-07-11 04:00:00,10,215
82,2020-07-11 07:00:00,13,220
83,2020-07-11 10:00:00,12,230
84,2020-07-11 13:00:00,12,215
85,2020-07-11 16:00:00,14,215
86,2020-07-11 19:00:00,10,215
87,2020-07-11 22:00:00,10,225
88,2020-07-12 01:00:00,10,185
89,2020-07-12 04:00:00,10,210
90,2020-07-12 07:00:00,11,210
91,2020-07-12 10:00:00,14,220
92,2020-07-12 13:00:00,12,225
93,2020-07-12 16:00:00,8,245
94,2020-07-12 19:00:00,6,295
95,2020-07-12 22:00:00,7,345
96,2020-07-13 01:00:00,2,285
97,2020-07-13 04:00:00,1,260
98,2020-07-13 07:00:00,16,200
99,2020-07-13 10:00:00,16,205
100,2020-07-13 13:00:00,15,205
101,2020-07-13 16:00:00,7,185
102,2020-07-13 19:00:00,8,165
103,2020-07-13 22:00:00,6,170
104,2020-07-14 01:00:00,9,205
105,2020-07-14 04:00:00,10,205
106,2020-07-14 07:00:00,12,220
107,2020-07-14 10:00:00,12,240
108,2020-07-14 13:00:00,9,220
109,2020-07-14 16:00:00,1,200
110,2020-07-14 19:00:00,7,80
111,2020-07-14 22:00:00,11,70
112,2020-07-15 01:00:00,6,145
113,2020-07-15 04:00:00,5,205
114,2020-07-15 07:00:00,8,205
115,2020-07-15 10:00:00,7,240
116,2020-07-15 13:00:00,6,205
117,2020-07-15 16:00:00,6,165
118,2020-07-15 19:00:00,10,190
119,2020-07-15 22:00:00,10,235
120,2020-07-16 01:00:00,8,220
121,2020-07-16 04:00:00,7,185
122,2020-07-16 07:00:00,11,210
123,2020-07-16 10:00:00,11,205
124,2020-07-16 13:00:00,11,165
125,2020-07-16 16:00:00,10,155
126,2020-07-16 19:00:00,5,135
127,2020-07-16 22:00:00,12,170
128,2020-07-17 01:00:00,10,170
129,2020-07-17 04:00:00,8,180
130,2020-07-17 07:00:00,6,205
131,2020-07-17 10:00:00,11,185
132,2020-07-17 13:00:00,12,175
133,2020-07-17 16:00:00,13,185
134,2020-07-17 19:00:00,9,195
135,2020-07-17 22:00:00,9,180
136,2020-07-18 01:00:00,7,200
137,2020-07-18 04:00:00,8,225
138,2020-07-18 07:00:00,6,210
139,2020-07-18 10:00:00,9,210
140,2020-07-18 13:00:00,12,200
141,2020-07-18 16:00:00,14,235
142,2020-07-18 19:00:00,5,215
143,2020-07-18 22:00:00,8,250
144,2020-07-19 01:00:00,11,210
145,2020-07-19 04:00:00,10,215
146,2020-07-19 07:00:00,12,215
147,2020-07-19 10:00:00,13,235
148,2020-07-19 13:00:00,8,215
149,2020-07-19 16:00:00,9,205
150,2020-07-19 19:00:00,7,210
151,2020-07-19 22:00:00,5,245
152,2020-07-20 01:00:00,10,175
153,2020-07-20 04:00:00,6,225
154,2020-07-20 07:00:00,5,165
155,2020-07-20 10:00:00,8,180
156,2020-07-20 13:00:00,9,200
157,2020-07-20 16:00:00,5,240
158,2020-07-20 19:00:00,5,155
159,2020-07-20 22:00:00,7,160
160,2020-07-21 01:00:00,9,195
161,2020-07-21 04:00:00,7,195
162,2020-07-21 07:00:00,5,160
163,2020-07-21 10:00:00,6,170
164,2020-07-21 13:00:00,6,140
165,2020-07-21 16:00:00,5,140
166,2020-07-21 19:00:00,8,175
167,2020-07-21 22:00:00,9,200
168,2020-07-22 01:00:00,9,235
169,2020-07-22 04:00:00,7,240
170,2020-07-22 07:00:00,3,260
171,2020-07-22 10:00:00,6,195
172,2020-07-22 13:00:00,11,195
173,2020-07-22 16:00:00,12,180
174,2020-07-22 19:00:00,7,140
175,2020-07-22 22:00:00,13,140
176,2020-07-23 01:00:00,11,170
177,2020-07-23 04:00:00,11,170
178,2020-07-23 07:00:00,8,190
179,2020-07-23 10:00:00,9,195
180,2020-07-23 13:00:00,7,165
181,2020-07-23 16:00:00,4,160
182,2020-07-23 19:00:00,5,130
183,2020-07-23 22:00:00,2,125
184,2020-07-24 01:00:00,4,160
185,2020-07-24 04:00:00,3,140
186,2020-07-24 07:00:00,6,215
187,2020-07-24 10:00:00,6,195
188,2020-07-24 13:00:00,4,180
189,2020-07-24 16:00:00,4,140
190,2020-07-24 19:00:00,7,165
191,2020-07-24 22:00:00,11,170
192,2020-07-25 01:00:00,5,195
193,2020-07-25 04:00:00,9,195
194,2020-07-25 07:00:00,4,200
195,2020-07-25 10:00:00,6,160
196,2020-07-25 13:00:00,5,130
197,2020-07-25 16:00:00,6,130
198,2020-07-25 19:00:00,7,135
199,2020-07-25 22:00:00,8,155
200,2020-07-26 01:00:00,9,195
201,2020-07-26 04:00:00,7,215
202,2020-07-26 07:00:00,7,215
203,2020-07-26 10:00:00,10,180
204,2020-07-26 13:00:00,11,205
205,2020-07-26 16:00:00,5,250
206,2020-07-26 19:00:00,4,190
207,2020-07-26 22:00:00,7,235
208,2020-07-27 01:00:00,5,190
209,2020-07-27 04:00:00,8,205
210,2020-07-27 07:00:00,8,220
211,2020-07-27 10:00:00,11,225
212,2020-07-27 13:00:00,10,205
213,2020-07-27 16:00:00,9,230
214,2020-07-27 19:00:00,5,215
215,2020-07-27 22:00:00,6,220
216,2020-07-28 01:00:00,7,200
217,2020-07-28 04:00:00,8,225
218,2020-07-28 07:00:00,7,240
219,2020-07-28 10:00:00,9,230
220,2020-07-28 13:00:00,8,220
221,2020-07-28 16:00:00,7,225
222,2020-07-28 19:00:00,12,210
223,2020-07-28 22:00:00,7,250
224,2020-07-29 01:00:00,5,185
225,2020-07-29 04:00:00,4,235
226,2020-07-29 07:00:00,4,220
227,2020-07-29 10:00:00,11,245
228,2020-07-29 13:00:00,9,275
229,2020-07-29 16:00:00,9,295
230,2020-07-29 19:00:00,6,280
231,2020-07-29 22:00:00,9,255
232,2020-07-30 01:00:00,7,250
233,2020-07-30 04:00:00,7,275
234,2020-07-30 07:00:00,7,305
235,2020-07-30 10:00:00,6,305
236,2020-07-30 13:00:00,5,285
237,2020-07-30 16:00:00,7,260
238,2020-07-30 19:00:00,9,220
239,2020-07-30 22:00:00,12,230
240,2020-07-31 01:00:00,8,250
241,2020-07-31 04:00:00,8,245
242,2020-07-31 07:00:00,8,280
243,2020-07-31 10:00:00,11,310
244,2020-07-31 13:00:00,8,295
245,2020-07-31 16:00:00,2,335
246,2020-07-31 19:00:00,6,85
247,2020-07-31 22:00:00,6,200
248,2020-08-01 01:00:00,17,220
249,2020-08-01 04:00:00,17,225
250,2020-08-01 07:00:00,15,230
251,2020-08-01 10:00:00,15,230
252,2020-08-01 13:00:00,12,205
253,2020-08-01 16:00:00,11,200
254,2020-08-01 19:00:00,11,185
255,2020-08-01 22:00:00,18,215
256,2020-08-02 01:00:00,21,240
257,2020-08-02 04:00:00,28,235
258,2020-08-02 07:00:00,22,225
259,2020-08-02 10:00:00,28,225
260,2020-08-02 13:00:00,24,230
261,2020-08-02 16:00:00,19,225
262,2020-08-02 19:00:00,17,220
263,2020-08-02 22:00:00,19,205
264,2020-08-03 01:00:00,20,195
265,2020-08-03 04:00:00,19,200
266,2020-08-03 07:00:00,16,180
267,2020-08-03 10:00:00,17,195
268,2020-08-03 13:00:00,18,215
269,2020-08-03 16:00:00,22,215
270,2020-08-03 19:00:00,16,220
271,2020-08-03 22:00:00,13,205
272,2020-08-04 01:00:00,14,210
273,2020-08-04 04:00:00,11,185
274,2020-08-04 07:00:00,12,175
275,2020-08-04 10:00:00,21,220
276,2020-08-04 13:00:00,18,210
277,2020-08-04 16:00:00,20,220
278,2020-08-04 19:00:00,12,220
279,2020-08-04 22:00:00,15,220
280,2020-08-05 01:00:00,10,210
281,2020-08-05 04:00:00,15,200
282,2020-08-05 07:00:00,6,215
283,2020-08-05 10:00:00,11,240
284,2020-08-05 13:00:00,9,240
285,2020-08-05 16:00:00,7,270
286,2020-08-05 19:00:00,6,210
287,2020-08-05 22:00:00,8,200
288,2020-08-06 01:00:00,9,205
289,2020-08-06 04:00:00,6,225
290,2020-08-06 07:00:00,8,250
291,2020-08-06 10:00:00,8,285
292,2020-08-06 13:00:00,6,320
293,2020-08-06 16:00:00,6,340
294,2020-08-06 19:00:00,7,50
295,2020-08-06 22:00:00,6,80
296,2020-08-07 01:00:00,2,340
297,2020-08-07 04:00:00,2,325
298,2020-08-07 07:00:00,3,295
299,2020-08-07 10:00:00,7,245
300,2020-08-07 13:00:00,7,210
301,2020-08-07 16:00:00,6,190
302,2020-08-07 19:00:00,8,200
303,2020-08-07 22:00:00,8,210
304,2020-08-08 01:00:00,10,215
305,2020-08-08 04:00:00,7,230
306,2020-08-08 07:00:00,5,205
307,2020-08-08 10:00:00,7,200
308,2020-08-08 13:00:00,7,185
309,2020-08-08 16:00:00,7,170
310,2020-08-08 19:00:00,8,185
311,2020-08-08 22:00:00,11,210
312,2020-08-09 01:00:00,12,220
313,2020-08-09 04:00:00,10,220
314,2020-08-09 07:00:00,13,220
315,2020-08-09 10:00:00,12,245
316,2020-08-09 13:00:00,10,235
317,2020-08-09 16:00:00,11,225
318,2020-08-09 19:00:00,8,215
319,2020-08-09 22:00:00,11,205
320,2020-08-10 01:00:00,11,195
321,2020-08-10 04:00:00,12,200
322,2020-08-10 07:00:00,15,205
323,2020-08-10 10:00:00,20,230
324,2020-08-10 13:00:00,12,235
325,2020-08-10 16:00:00,15,240
326,2020-08-10 19:00:00,10,215
327,2020-08-10 22:00:00,14,225
328,2020-08-11 01:00:00,11,215
329,2020-08-11 04:00:00,12,230
330,2020-08-11 07:00:00,9,225
331,2020-08-11 10:00:00,12,240
332,2020-08-11 13:00:00,9,220
333,2020-08-11 16:00:00,16,220
334,2020-08-11 19:00:00,8,225
335,2020-08-11 22:00:00,12,235
336,2020-08-12 01:00:00,9,235
337,2020-08-12 04:00:00,9,230
338,2020-08-12 07:00:00,12,225
339,2020-08-12 10:00:00,10,225
340,2020-08-12 13:00:00,8,205
341,2020-08-12 16:00:00,9,210
342,2020-08-12 19:00:00,12,195
343,2020-08-12 22:00:00,16,190
344,2020-08-13 01:00:00,18,210
345,2020-08-13 04:00:00,13,195
346,2020-08-13 07:00:00,12,190
347,2020-08-13 10:00:00,19,185
348,2020-08-13 13:00:00,14,180
349,2020-08-13 16:00:00,17,175
350,2020-08-13 19:00:00,17,190
351,2020-08-13 22:00:00,17,190
352,2020-08-14 01:00:00,15,205
353,2020-08-14 04:00:00,16,205
354,2020-08-14 07:00:00,13,220
355,2020-08-14 10:00:00,12,195
356,2020-08-14 13:00:00,16,190
357,2020-08-14 16:00:00,14,220
358,2020-08-14 19:00:00,12,210
359,2020-08-14 22:00:00,19,195
360,2020-08-15 01:00:00,14,215
361,2020-08-15 04:00:00,16,230
362,2020-08-15 07:00:00,8,215
363,2020-08-15 10:00:00,8,220
364,2020-08-15 13:00:00,10,255
365,2020-08-15 16:00:00,13,275
366,2020-08-15 19:00:00,7,260
367,2020-08-15 22:00:00,10,225
368,2020-08-16 01:00:00,7,205
369,2020-08-16 04:00:00,10,210
370,2020-08-16 07:00:00,10,225
371,2020-08-16 10:00:00,16,235
372,2020-08-16 13:00:00,9,215
373,2020-08-16 16:00:00,9,235
374,2020-08-16 19:00:00,6,170
375,2020-08-16 22:00:00,6,190
376,2020-08-17 01:00:00,5,235
377,2020-08-17 04:00:00,5,180
378,2020-08-17 07:00:00,7,155
379,2020-08-17 10:00:00,10,200
380,2020-08-17 13:00:00,7,255
381,2020-08-17 16:00:00,5,305
382,2020-08-17 19:00:00,4,125
383,2020-08-17 22:00:00,4,145
384,2020-08-18 01:00:00,6,135
385,2020-08-18 04:00:00,3,110
386,2020-08-18 07:00:00,4,30
387,2020-08-18 10:00:00,6,15
388,2020-08-18 13:00:00,6,345
389,2020-08-18 16:00:00,6,15
390,2020-08-18 19:00:00,7,15
391,2020-08-18 22:00:00,2,10
392,2020-08-19 01:00:00,3,130
393,2020-08-19 04:00:00,4,165
394,2020-08-19 07:00:00,7,195
395,2020-08-19 10:00:00,10,215
396,2020-08-19 13:00:00,10,260
397,2020-08-19 16:00:00,9,245
398,2020-08-19 19:00:00,5,220
399,2020-08-19 22:00:00,2,130
400,2020-08-20 01:00:00,4,150
401,2020-08-20 04:00:00,9,205
402,2020-08-20 07:00:00,8,215
403,2020-08-20 10:00:00,15,285
404,2020-08-20 13:00:00,8,250
405,2020-08-20 16:00:00,3,240
406,2020-08-20 19:00:00,8,205
407,2020-08-20 22:00:00,7,235
408,2020-08-21 01:00:00,6,310
409,2020-08-21 04:00:00,5,295
410,2020-08-21 07:00:00,3,245
411,2020-08-21 10:00:00,8,245
412,2020-08-21 13:00:00,7,255
413,2020-08-21 16:00:00,5,270
414,2020-08-21 19:00:00,4,25
415,2020-08-21 22:00:00,5,170
416,2020-08-22 01:00:00,7,205
417,2020-08-22 04:00:00,8,200
418,2020-08-22 07:00:00,10,205
419,2020-08-22 10:00:00,16,215
420,2020-08-22 13:00:00,17,195
421,2020-08-22 16:00:00,14,180
422,2020-08-22 19:00:00,11,160
423,2020-08-22 22:00:00,12,205
424,2020-08-23 01:00:00,10,185
425,2020-08-23 04:00:00,10,200
426,2020-08-23 07:00:00,13,185
427,2020-08-23 10:00:00,15,195
428,2020-08-23 13:00:00,15,190
429,2020-08-23 16:00:00,20,200
430,2020-08-23 19:00:00,14,195
431,2020-08-23 22:00:00,18,215
432,2020-08-24 01:00:00,13,210
433,2020-08-24 04:00:00,12,205
434,2020-08-24 07:00:00,10,210
435,2020-08-24 10:00:00,14,220
436,2020-08-24 13:00:00,9,245
437,2020-08-24 16:00:00,8,270
438,2020-08-24 19:00:00,9,230
439,2020-08-24 22:00:00,7,260
440,2020-08-25 01:00:00,8,230
441,2020-08-25 04:00:00,6,260
442,2020-08-25 07:00:00,8,245
443,2020-08-25 10:00:00,9,265
444,2020-08-25 13:00:00,10,250
445,2020-08-25 16:00:00,10,220
446,2020-08-25 19:00:00,6,220
447,2020-08-25 22:00:00,9,220
448,2020-08-26 01:00:00,9,230
449,2020-08-26 04:00:00,8,245
450,2020-08-26 07:00:00,9,240
451,2020-08-26 10:00:00,9,250
452,2020-08-26 13:00:00,10,270
453,2020-08-26 16:00:00,13,245
454,2020-08-26 19:00:00,14,210
455,2020-08-26 22:00:00,10,250
456,2020-08-27 01:00:00,13,230
457,2020-08-27 04:00:00,9,245
458,2020-08-27 07:00:00,6,190
459,2020-08-27 10:00:00,12,245
460,2020-08-27 13:00:00,16,260
461,2020-08-27 16:00:00,9,255
462,2020-08-27 19:00:00,11,235
463,2020-08-27 22:00:00,9,240
464,2020-08-28 01:00:00,7,220
465,2020-08-28 04:00:00,5,235
466,2020-08-28 07:00:00,6,260
467,2020-08-28 10:00:00,6,280
468,2020-08-28 13:00:00,4,285
469,2020-08-28 16:00:00,2,275
470,2020-08-28 19:00:00,3,180
471,2020-08-28 22:00:00,9,200
472,2020-08-29 01:00:00,8,200
473,2020-08-29 04:00:00,8,190
474,2020-08-29 07:00:00,6,185
475,2020-08-29 10:00:00,6,195
476,2020-08-29 13:00:00,6,160
477,2020-08-29 16:00:00,6,110
478,2020-08-29 19:00:00,11,120
479,2020-08-29 22:00:00,10,140
480,2020-08-30 01:00:00,8,185
481,2020-08-30 04:00:00,6,195
482,2020-08-30 07:00:00,4,140
483,2020-08-30 10:00:00,5,155
484,2020-08-30 13:00:00,4,90
485,2020-08-30 16:00:00,7,80
486,2020-08-30 19:00:00,7,90
487,2020-08-30 22:00:00,7,110
488,2020-08-31 01:00:00,8,145
489,2020-08-31 04:00:00,5,185
490,2020-08-31 07:00:00,5,200
491,2020-08-31 10:00:00,8,180
492,2020-08-31 13:00:00,6,140
493,2020-08-31 16:00:00,3,75
494,2020-08-31 19:00:00,6,110
495,2020-08-31 22:00:00,6,70
496,2020-09-01 01:00:00,2,120
497,2020-09-01 04:00:00,1,130
498,2020-09-01 07:00:00,3,110
499,2020-09-01 10:00:00,5,135
500,2020-09-01 13:00:00,1,155
501,2020-09-01 16:00:00,6,300
502,2020-09-01 19:00:00,4,5
503,2020-09-01 22:00:00,3,90
504,2020-09-02 01:00:00,3,180
505,2020-09-02 04:00:00,1,20
506,2020-09-02 07:00:00,5,310
507,2020-09-02 10:00:00,6,325
508,2020-09-02 13:00:00,4,305
509,2020-09-02 16:00:00,3,345
510,2020-09-02 19:00:00,3,95
511,2020-09-02 22:00:00,9,160
512,2020-09-03 01:00:00,3,195
513,2020-09-03 04:00:00,2,270
514,2020-09-03 07:00:00,5,50
515,2020-09-03 10:00:00,3,80
516,2020-09-03 13:00:00,4,70
517,2020-09-03 16:00:00,7,35
518,2020-09-03 19:00:00,4,60
519,2020-09-03 22:00:00,3,110
520,2020-09-04 01:00:00,5,205
521,2020-09-04 04:00:00,3,260
522,2020-09-04 07:00:00,6,100
523,2020-09-04 10:00:00,6,115
524,2020-09-04 13:00:00,5,85
525,2020-09-04 16:00:00,3,80
526,2020-09-04 19:00:00,5,90
527,2020-09-04 22:00:00,6,160
528,2020-09-05 01:00:00,8,165
529,2020-09-05 04:00:00,7,175
530,2020-09-05 07:00:00,3,185
531,2020-09-05 10:00:00,10,175
532,2020-09-05 13:00:00,5,165
533,2020-09-05 16:00:00,5,210
534,2020-09-05 19:00:00,2,60
535,2020-09-05 22:00:00,2,155
536,2020-09-06 01:00:00,6,215
537,2020-09-06 04:00:00,8,220
538,2020-09-06 07:00:00,9,220
539,2020-09-06 10:00:00,14,235
540,2020-09-06 13:00:00,12,245
541,2020-09-06 16:00:00,9,220
542,2020-09-06 19:00:00,10,215
543,2020-09-06 22:00:00,13,215
544,2020-09-07 01:00:00,11,215
545,2020-09-07 04:00:00,15,215
546,2020-09-07 07:00:00,12,220
547,2020-09-07 10:00:00,12,255
548,2020-09-07 13:00:00,7,250
549,2020-09-07 16:00:00,6,210
550,2020-09-07 19:00:00,8,205
551,2020-09-07 22:00:00,10,215
552,2020-09-08 01:00:00,6,210
553,2020-09-08 04:00:00,7,190
554,2020-09-08 07:00:00,7,185
555,2020-09-08 10:00:00,10,220
556,2020-09-08 13:00:00,6,190
557,2020-09-08 16:00:00,10,175
558,2020-09-08 19:00:00,8,175
559,2020-09-08 22:00:00,7,170
560,2020-09-09 01:00:00,7,165
561,2020-09-09 04:00:00,6,210
562,2020-09-09 07:00:00,3,235
563,2020-09-09 10:00:00,3,285
564,2020-09-09 13:00:00,1,305
565,2020-09-09 16:00:00,5,125
566,2020-09-09 19:00:00,6,120
567,2020-09-09 22:00:00,6,140
568,2020-09-10 01:00:00,5,190
569,2020-09-10 04:00:00,3,310
570,2020-09-10 07:00:00,2,280
571,2020-09-10 10:00:00,7,285
572,2020-09-10 13:00:00,7,270
573,2020-09-10 16:00:00,5,5
574,2020-09-10 19:00:00,4,50
575,2020-09-10 22:00:00,3,125
576,2020-09-11 01:00:00,7,180
577,2020-09-11 04:00:00,7,200
578,2020-09-11 07:00:00,7,180
579,2020-09-11 10:00:00,9,200
580,2020-09-11 13:00:00,6,240
581,2020-09-11 16:00:00,1,245
582,2020-09-11 19:00:00,6,110
583,2020-09-11 22:00:00,10,175
584,2020-09-12 01:00:00,7,195
585,2020-09-12 04:00:00,5,210
586,2020-09-12 07:00:00,7,195
587,2020-09-12 10:00:00,4,235
588,2020-09-12 13:00:00,4,210
589,2020-09-12 16:00:00,3,310
590,2020-09-12 19:00:00,8,20
591,2020-09-12 22:00:00,6,50
592,2020-09-13 01:00:00,4,105
593,2020-09-13 04:00:00,2,25
594,2020-09-13 07:00:00,2,65
595,2020-09-13 10:00:00,2,80
596,2020-09-13 13:00:00,5,145
597,2020-09-13 16:00:00,5,140
598,2020-09-13 19:00:00,11,145
599,2020-09-13 22:00:00,8,140
600,2020-09-14 01:00:00,5,160
601,2020-09-14 04:00:00,4,185
602,2020-09-14 07:00:00,3,235
603,2020-09-14 10:00:00,2,285
604,2020-09-14 13:00:00,4,125
605,2020-09-14 16:00:00,4,165
606,2020-09-14 19:00:00,6,155
607,2020-09-14 22:00:00,3,165
608,2020-09-15 01:00:00,7,200
609,2020-09-15 04:00:00,9,225
610,2020-09-15 07:00:00,7,200
611,2020-09-15 10:00:00,8,235
612,2020-09-15 13:00:00,3,195
613,2020-09-15 16:00:00,0,180
614,2020-09-15 19:00:00,3,125
615,2020-09-15 22:00:00,5,155
616,2020-09-16 01:00:00,11,200
617,2020-09-16 04:00:00,7,200
618,2020-09-16 07:00:00,7,220
619,2020-09-16 10:00:00,7,290
620,2020-09-16 13:00:00,5,230
621,2020-09-16 16:00:00,4,340
622,2020-09-16 19:00:00,3,15
623,2020-09-16 22:00:00,1,190
624,2020-09-17 01:00:00,5,210
625,2020-09-17 04:00:00,4,205
626,2020-09-17 07:00:00,6,265
627,2020-09-17 10:00:00,5,280
628,2020-09-17 13:00:00,7,245
629,2020-09-17 16:00:00,4,275
630,2020-09-17 19:00:00,6,25
631,2020-09-17 22:00:00,1,240
632,2020-09-18 01:00:00,5,285
633,2020-09-18 04:00:00,4,10
634,2020-09-18 07:00:00,12,35
635,2020-09-18 10:00:00,19,290
636,2020-09-18 13:00:00,18,300
637,2020-09-18 16:00:00,11,275
638,2020-09-18 19:00:00,15,335
639,2020-09-18 22:00:00,19,10
640,2020-09-19 01:00:00,35,95
641,2020-09-19 04:00:00,38,140
642,2020-09-19 07:00:00,26,135
643,2020-09-19 10:00:00,24,145
644,2020-09-19 13:00:00,19,170
645,2020-09-19 16:00:00,19,150
646,2020-09-19 19:00:00,16,145
647,2020-09-19 22:00:00,18,140
648,2020-09-20 01:00:00,16,140
649,2020-09-20 04:00:00,18,145
650,2020-09-20 07:00:00,20,160
651,2020-09-20 10:00:00,20,165
652,2020-09-20 13:00:00,18,205
653,2020-09-20 16:00:00,14,205
654,2020-09-20 19:00:00,8,185
655,2020-09-20 22:00:00,9,170
656,2020-09-21 01:00:00,8,190
657,2020-09-21 04:00:00,6,175
658,2020-09-21 07:00:00,7,210
659,2020-09-21 10:00:00,4,290
660,2020-09-21 13:00:00,6,245
661,2020-09-21 16:00:00,2,230
662,2020-09-21 19:00:00,6,105
663,2020-09-21 22:00:00,1,120
664,2020-09-22 01:00:00,1,340
665,2020-09-22 04:00:00,3,40
666,2020-09-22 07:00:00,4,110
667,2020-09-22 10:00:00,6,245
668,2020-09-22 13:00:00,7,325
669,2020-09-22 16:00:00,5,335
670,2020-09-22 19:00:00,4,15
671,2020-09-22 22:00:00,3,320
672,2020-09-23 01:00:00,2,100
673,2020-09-23 04:00:00,2,235
674,2020-09-23 07:00:00,1,55
675,2020-09-23 10:00:00,5,300
676,2020-09-23 13:00:00,6,175
677,2020-09-23 16:00:00,2,245
678,2020-09-23 19:00:00,6,140
679,2020-09-23 22:00:00,3,105
680,2020-09-24 01:00:00,4,215
681,2020-09-24 04:00:00,2,205
682,2020-09-24 07:00:00,5,75
683,2020-09-24 10:00:00,3,215
684,2020-09-24 13:00:00,4,170
685,2020-09-24 16:00:00,1,85
686,2020-09-24 19:00:00,3,165
687,2020-09-24 22:00:00,8,175
688,2020-09-25 01:00:00,7,215
689,2020-09-25 04:00:00,10,220
690,2020-09-25 07:00:00,7,220
691,2020-09-25 10:00:00,13,225
692,2020-09-25 13:00:00,7,210
693,2020-09-25 16:00:00,8,205
694,2020-09-25 19:00:00,6,200
695,2020-09-25 22:00:00,8,200
696,2020-09-26 01:00:00,9,210
697,2020-09-26 04:00:00,8,220
698,2020-09-26 07:00:00,5,245
699,2020-09-26 10:00:00,4,295
700,2020-09-26 13:00:00,5,280
701,2020-09-26 16:00:00,3,250
702,2020-09-26 19:00:00,3,170
703,2020-09-26 22:00:00,3,225
704,2020-09-27 01:00:00,6,220
705,2020-09-27 04:00:00,1,255
706,2020-09-27 07:00:00,4,40
707,2020-09-27 10:00:00,7,30
708,2020-09-27 13:00:00,10,65
709,2020-09-27 16:00:00,11,60
710,2020-09-27 19:00:00,9,65
711,2020-09-27 22:00:00,4,90
712,2020-09-28 01:00:00,4,95
713,2020-09-28 04:00:00,14,150
714,2020-09-28 07:00:00,3,15
715,2020-09-28 10:00:00,10,65
716,2020-09-28 13:00:00,15,110
717,2020-09-28 16:00:00,14,105
718,2020-09-28 19:00:00,7,95
719,2020-09-28 22:00:00,8,125
720,2020-09-29 01:00:00,9,135
721,2020-09-29 04:00:00,9,125
722,2020-09-29 07:00:00,12,125
723,2020-09-29 10:00:00,13,140
724,2020-09-29 13:00:00,12,155
725,2020-09-29 16:00:00,15,155
726,2020-09-29 19:00:00,11,150
727,2020-09-29 22:00:00,9,165
728,2020-09-30 01:00:00,10,210
729,2020-09-30 04:00:00,8,205
730,2020-09-30 07:00:00,8,215
731,2020-09-30 10:00:00,5,230
732,2020-09-30 13:00:00,3,315
733,2020-09-30 16:00:00,2,180
734,2020-09-30 19:00:00,5,145
735,2020-09-30 22:00:00,6,150
736,2020-10-01 01:00:00,3,255
737,2020-10-01 04:00:00,4,260
738,2020-10-01 07:00:00,2,100
739,2020-10-01 10:00:00,5,335
740,2020-10-01 13:00:00,3,30
741,2020-10-01 16:00:00,5,70
742,2020-10-01 19:00:00,6,110
743,2020-10-01 22:00:00,6,120
744,2020-10-02 01:00:00,4,165
745,2020-10-02 04:00:00,2,260
746,2020-10-02 07:00:00,4,25
747,2020-10-02 10:00:00,5,120
748,2020-10-02 13:00:00,7,120
749,2020-10-02 16:00:00,9,115
750,2020-10-02 19:00:00,6,110
751,2020-10-02 22:00:00,6,140
752,2020-10-03 01:00:00,4,115
753,2020-10-03 04:00:00,6,110
754,2020-10-03 07:00:00,7,105
755,2020-10-03 10:00:00,10,75
756,2020-10-03 13:00:00,9,140
757,2020-10-03 16:00:00,7,130
758,2020-10-03 19:00:00,11,105
759,2020-10-03 22:00:00,7,130
760,2020-10-04 01:00:00,7,130
761,2020-10-04 04:00:00,3,170
762,2020-10-04 07:00:00,4,150
763,2020-10-04 10:00:00,6,145
764,2020-10-04 13:00:00,6,160
765,2020-10-04 16:00:00,3,140
766,2020-10-04 19:00:00,6,95
767,2020-10-04 22:00:00,7,145
768,2020-10-05 01:00:00,5,180
769,2020-10-05 04:00:00,2,215
770,2020-10-05 07:00:00,3,40
771,2020-10-05 10:00:00,6,35
772,2020-10-05 13:00:00,8,75
773,2020-10-05 16:00:00,7,65
774,2020-10-05 19:00:00,5,100
775,2020-10-05 22:00:00,5,70
776,2020-10-06 01:00:00,7,70
777,2020-10-06 04:00:00,6,60
778,2020-10-06 07:00:00,6,45
779,2020-10-06 10:00:00,14,70
780,2020-10-06 13:00:00,15,55
781,2020-10-06 16:00:00,13,45
782,2020-10-06 19:00:00,10,60
783,2020-10-06 22:00:00,8,60
784,2020-10-07 01:00:00,9,45
785,2020-10-07 04:00:00,10,25
786,2020-10-07 07:00:00,13,355
787,2020-10-07 10:00:00,23,45
788,2020-10-07 13:00:00,27,70
789,2020-10-07 16:00:00,15,45
790,2020-10-07 19:00:00,16,50
791,2020-10-07 22:00:00,20,40
792,2020-10-08 01:00:00,17,0
793,2020-10-08 04:00:00,16,30
794,2020-10-08 07:00:00,25,40
795,2020-10-08 10:00:00,27,35
796,2020-10-08 13:00:00,30,45
797,2020-10-08 16:00:00,20,35
798,2020-10-08 19:00:00,16,30
799,2020-10-08 22:00:00,13,35
800,2020-10-09 01:00:00,15,45
801,2020-10-09 04:00:00,16,40
802,2020-10-09 07:00:00,20,45
803,2020-10-09 10:00:00,22,50
804,2020-10-09 13:00:00,15,45
805,2020-10-09 16:00:00,15,35
806,2020-10-09 19:00:00,15,60
807,2020-10-09 22:00:00,8,40
808,2020-10-10 01:00:00,9,25
809,2020-10-10 04:00:00,12,15
810,2020-10-10 07:00:00,7,0
811,2020-10-10 10:00:00,11,40
812,2020-10-10 13:00:00,15,60
813,2020-10-10 16:00:00,12,20
814,2020-10-10 19:00:00,5,20
815,2020-10-10 22:00:00,8,60
816,2020-10-11 01:00:00,4,45
817,2020-10-11 04:00:00,6,50
818,2020-10-11 07:00:00,7,10
819,2020-10-11 10:00:00,12,5
820,2020-10-11 13:00:00,9,10
821,2020-10-11 16:00:00,8,40
822,2020-10-11 19:00:00,7,350
823,2020-10-11 22:00:00,2,105
824,2020-10-12 01:00:00,4,90
825,2020-10-12 04:00:00,7,335
826,2020-10-12 07:00:00,4,15
827,2020-10-12 10:00:00,1,185
828,2020-10-12 13:00:00,2,340
829,2020-10-12 16:00:00,7,25
830,2020-10-12 19:00:00,7,25
831,2020-10-12 22:00:00,5,5
832,2020-10-13 01:00:00,6,320
833,2020-10-13 04:00:00,9,355
834,2020-10-13 07:00:00,9,335
835,2020-10-13 10:00:00,6,315
836,2020-10-13 13:00:00,8,315
837,2020-10-13 16:00:00,6,25
838,2020-10-13 19:00:00,3,300
839,2020-10-13 22:00:00,4,230
840,2020-10-14 01:00:00,8,240
841,2020-10-14 04:00:00,4,265
842,2020-10-14 07:00:00,5,280
843,2020-10-14 10:00:00,5,5
844,2020-10-14 13:00:00,2,345
845,2020-10-14 16:00:00,4,310
846,2020-10-14 19:00:00,2,165
847,2020-10-14 22:00:00,4,145
848,2020-10-15 01:00:00,7,155
849,2020-10-15 04:00:00,6,105
850,2020-10-15 07:00:00,7,75
851,2020-10-15 10:00:00,13,90
852,2020-10-15 13:00:00,11,75
853,2020-10-15 16:00:00,11,75
854,2020-10-15 19:00:00,8,105
855,2020-10-15 22:00:00,10,65
856,2020-10-16 01:00:00,8,65
857,2020-10-16 04:00:00,7,40
858,2020-10-16 07:00:00,9,35
859,2020-10-16 10:00:00,13,30
860,2020-10-16 13:00:00,17,35
861,2020-10-16 16:00:00,16,70
862,2020-10-16 19:00:00,14,10
863,2020-10-16 22:00:00,19,25
864,2020-10-17 01:00:00,11,30
865,2020-10-17 04:00:00,28,25
866,2020-10-17 07:00:00,29,45
867,2020-10-17 10:00:00,23,40
868,2020-10-17 13:00:00,20,50
869,2020-10-17 16:00:00,11,0
870,2020-10-17 19:00:00,22,55
871,2020-10-17 22:00:00,19,45
872,2020-10-18 01:00:00,5,5
873,2020-10-18 04:00:00,11,5
874,2020-10-18 07:00:00,11,25
875,2020-10-18 10:00:00,17,30
876,2020-10-18 13:00:00,18,25
877,2020-10-18 16:00:00,16,25
878,2020-10-18 19:00:00,12,40
879,2020-10-18 22:00:00,8,10
880,2020-10-19 01:00:00,9,10
881,2020-10-19 04:00:00,10,20
882,2020-10-19 07:00:00,12,35
883,2020-10-19 10:00:00,14,50
884,2020-10-19 13:00:00,15,50
885,2020-10-19 16:00:00,12,40
886,2020-10-19 19:00:00,6,0
887,2020-10-19 22:00:00,7,310
888,2020-10-20 01:00:00,9,325
889,2020-10-20 04:00:00,9,335
890,2020-10-20 07:00:00,9,345
891,2020-10-20 10:00:00,10,355
892,2020-10-20 13:00:00,8,30
893,2020-10-20 16:00:00,8,5
894,2020-10-20 19:00:00,8,350
895,2020-10-20 22:00:00,8,350
896,2020-10-21 01:00:00,8,360
897,2020-10-21 04:00:00,8,355
898,2020-10-21 07:00:00,9,5
899,2020-10-21 10:00:00,11,40
900,2020-10-21 13:00:00,15,45
901,2020-10-21 16:00:00,14,40
902,2020-10-21 19:00:00,11,30
903,2020-10-21 22:00:00,9,60
904,2020-10-22 01:00:00,8,90
905,2020-10-22 04:00:00,7,95
906,2020-10-22 07:00:00,4,100
907,2020-10-22 10:00:00,8,40
908,2020-10-22 13:00:00,12,20
909,2020-10-22 16:00:00,13,55
910,2020-10-22 19:00:00,8,55
911,2020-10-22 22:00:00,8,80
912,2020-10-23 01:00:00,9,110
913,2020-10-23 04:00:00,3,105
914,2020-10-23 07:00:00,3,105
915,2020-10-23 10:00:00,12,55
916,2020-10-23 13:00:00,14,45
917,2020-10-23 16:00:00,12,45
918,2020-10-23 19:00:00,8,65
919,2020-10-23 22:00:00,2,60
920,2020-10-24 01:00:00,7,105
921,2020-10-24 04:00:00,7,75
922,2020-10-24 07:00:00,5,40
923,2020-10-24 10:00:00,10,55
924,2020-10-24 13:00:00,13,35
925,2020-10-24 16:00:00,11,35
926,2020-10-24 19:00:00,8,50
927,2020-10-24 22:00:00,4,15
928,2020-10-25 01:00:00,5,60
929,2020-10-25 04:00:00,3,350
930,2020-10-25 07:00:00,7,5
931,2020-10-25 10:00:00,9,335
932,2020-10-25 13:00:00,10,335
933,2020-10-25 16:00:00,8,345
934,2020-10-25 19:00:00,5,40
935,2020-10-25 22:00:00,8,125
936,2020-10-26 01:00:00,13,105
937,2020-10-26 04:00:00,3,150
938,2020-10-26 07:00:00,3,275
939,2020-10-26 10:00:00,6,0
940,2020-10-26 13:00:00,6,350
941,2020-10-26 16:00:00,4,310
942,2020-10-26 19:00:00,3,320
943,2020-10-26 22:00:00,5,345
944,2020-10-27 01:00:00,6,360
945,2020-10-27 04:00:00,8,0
946,2020-10-27 07:00:00,8,10
947,2020-10-27 10:00:00,12,40
948,2020-10-27 13:00:00,14,55
949,2020-10-27 16:00:00,15,70
950,2020-10-27 19:00:00,6,30
951,2020-10-27 22:00:00,2,10
952,2020-10-28 01:00:00,6,10
953,2020-10-28 04:00:00,10,330
954,2020-10-28 07:00:00,11,350
955,2020-10-28 10:00:00,19,5
956,2020-10-28 13:00:00,20,10
957,2020-10-28 16:00:00,12,20
958,2020-10-28 19:00:00,3,185
959,2020-10-28 22:00:00,4,160
960,2020-10-29 01:00:00,7,300
961,2020-10-29 04:00:00,25,315
962,2020-10-29 07:00:00,28,320
963,2020-10-29 10:00:00,24,345
964,2020-10-29 13:00:00,22,5
965,2020-10-29 16:00:00,14,30
966,2020-10-29 19:00:00,10,75
967,2020-10-29 22:00:00,16,115
968,2020-10-30 01:00:00,12,120
969,2020-10-30 04:00:00,14,120
970,2020-10-30 07:00:00,15,90
971,2020-10-30 10:00:00,15,95
972,2020-10-30 13:00:00,15,95
973,2020-10-30 16:00:00,13,65
974,2020-10-30 19:00:00,13,60
975,2020-10-30 22:00:00,12,60
976,2020-10-31 01:00:00,11,55
977,2020-10-31 04:00:00,10,40
978,2020-10-31 07:00:00,9,30
979,2020-10-31 10:00:00,16,70
980,2020-10-31 13:00:00,17,70
981,2020-10-31 16:00:00,15,70
982,2020-10-31 19:00:00,10,35
983,2020-10-31 22:00:00,10,55
984,2020-11-01 01:00:00,9,50
985,2020-11-01 04:00:00,9,35
986,2020-11-01 07:00:00,7,20
987,2020-11-01 10:00:00,12,55
988,2020-11-01 13:00:00,12,60
989,2020-11-01 16:00:00,9,50
990,2020-11-01 19:00:00,9,40
991,2020-11-01 22:00:00,7,55
992,2020-11-02 01:00:00,9,90
993,2020-11-02 04:00:00,8,85
994,2020-11-02 07:00:00,7,65
995,2020-11-02 10:00:00,13,60
996,2020-11-02 13:00:00,13,45
997,2020-11-02 16:00:00,11,55
998,2020-11-02 19:00:00,8,60
999,2020-11-02 22:00:00,11,80
1000,2020-11-03 01:00:00,10,80
1001,2020-11-03 04:00:00,8,70
1002,2020-11-03 07:00:00,9,80
1003,2020-11-03 10:00:00,18,70
1004,2020-11-03 13:00:00,17,60
1005,2020-11-03 16:00:00,13,55
1006,2020-11-03 19:00:00,11,65
1007,2020-11-03 22:00:00,12,95
1008,2020-11-04 01:00:00,11,85
1009,2020-11-04 04:00:00,8,80
1010,2020-11-04 07:00:00,7,70
1011,2020-11-04 10:00:00,15,60
1012,2020-11-04 13:00:00,13,65
1013,2020-11-04 16:00:00,12,55
1014,2020-11-04 19:00:00,8,45
1015,2020-11-04 22:00:00,5,85
1016,2020-11-05 01:00:00,7,90
1017,2020-11-05 04:00:00,5,50
1018,2020-11-05 07:00:00,7,25
1019,2020-11-05 10:00:00,11,40
1020,2020-11-05 13:00:00,12,20
1021,2020-11-05 16:00:00,12,35
1022,2020-11-05 19:00:00,8,35
1023,2020-11-05 22:00:00,8,50
1024,2020-11-06 01:00:00,7,70
1025,2020-11-06 04:00:00,8,15
1026,2020-11-06 07:00:00,8,350
1027,2020-11-06 10:00:00,16,15
1028,2020-11-06 13:00:00,16,15
1029,2020-11-06 16:00:00,11,60
1030,2020-11-06 19:00:00,7,45
1031,2020-11-06 22:00:00,8,55
1032,2020-11-07 01:00:00,8,85
1033,2020-11-07 04:00:00,8,75
1034,2020-11-07 07:00:00,8,35
1035,2020-11-07 10:00:00,11,45
1036,2020-11-07 13:00:00,15,60
1037,2020-11-07 16:00:00,15,45
1038,2020-11-07 19:00:00,9,25
1039,2020-11-07 22:00:00,10,50
1040,2020-11-08 01:00:00,9,70
1041,2020-11-08 04:00:00,7,40
1042,2020-11-08 07:00:00,7,50
1043,2020-11-08 10:00:00,16,55
1044,2020-11-08 13:00:00,17,50
1045,2020-11-08 16:00:00,17,50
1046,2020-11-08 19:00:00,8,30
1047,2020-11-08 22:00:00,14,65
1048,2020-11-09 01:00:00,11,60
1049,2020-11-09 04:00:00,10,60
1050,2020-11-09 07:00:00,11,45
1051,2020-11-09 10:00:00,25,45
1052,2020-11-09 13:00:00,23,45
1053,2020-11-09 16:00:00,16,40
1054,2020-11-09 19:00:00,12,40
1055,2020-11-09 22:00:00,11,40
1056,2020-11-10 01:00:00,9,65
1057,2020-11-10 04:00:00,9,40
1058,2020-11-10 07:00:00,12,30
1059,2020-11-10 10:00:00,26,40
1060,2020-11-10 13:00:00,23,35
1061,2020-11-10 16:00:00,18,40
1062,2020-11-10 19:00:00,10,15
1063,2020-11-10 22:00:00,9,40
1064,2020-11-11 01:00:00,10,30
1065,2020-11-11 04:00:00,12,10
1066,2020-11-11 07:00:00,18,20
1067,2020-11-11 10:00:00,15,10
1068,2020-11-11 13:00:00,8,15
1069,2020-11-11 16:00:00,11,30
1070,2020-11-11 19:00:00,10,35
1071,2020-11-11 22:00:00,9,30
1072,2020-11-12 01:00:00,10,15
1073,2020-11-12 04:00:00,8,15
1074,2020-11-12 07:00:00,7,10
1075,2020-11-12 10:00:00,11,10
1076,2020-11-12 13:00:00,17,50
1077,2020-11-12 16:00:00,16,40
1078,2020-11-12 19:00:00,8,5
1079,2020-11-12 22:00:00,9,40
1080,2020-11-13 01:00:00,7,55
1081,2020-11-13 04:00:00,6,60
1082,2020-11-13 07:00:00,5,30
1083,2020-11-13 10:00:00,11,45
1084,2020-11-13 13:00:00,13,40
1085,2020-11-13 16:00:00,15,45
1086,2020-11-13 19:00:00,8,35
1087,2020-11-13 22:00:00,9,55
1088,2020-11-14 01:00:00,7,70
1089,2020-11-14 04:00:00,6,25
1090,2020-11-14 07:00:00,7,20
1091,2020-11-14 10:00:00,14,25
1092,2020-11-14 13:00:00,20,35
1093,2020-11-14 16:00:00,17,45
1094,2020-11-14 19:00:00,8,25
1095,2020-11-14 22:00:00,8,0
1096,2020-11-15 01:00:00,7,10
1097,2020-11-15 04:00:00,9,335
1098,2020-11-15 07:00:00,9,345
1099,2020-11-15 10:00:00,13,350
1100,2020-11-15 13:00:00,15,25
1101,2020-11-15 16:00:00,15,50
1102,2020-11-15 19:00:00,10,80
1103,2020-11-15 22:00:00,7,85
1104,2020-11-16 01:00:00,3,75
1105,2020-11-16 04:00:00,5,110
1106,2020-11-16 07:00:00,5,75
1107,2020-11-16 10:00:00,9,45
1108,2020-11-16 13:00:00,10,40
1109,2020-11-16 16:00:00,14,20
1110,2020-11-16 19:00:00,12,15
1111,2020-11-16 22:00:00,10,5
1112,2020-11-17 01:00:00,8,360
1113,2020-11-17 04:00:00,8,345
1114,2020-11-17 07:00:00,10,350
1115,2020-11-17 10:00:00,9,40
1116,2020-11-17 13:00:00,8,35
1117,2020-11-17 16:00:00,6,25
1118,2020-11-17 19:00:00,6,50
1119,2020-11-17 22:00:00,5,45
1120,2020-11-18 01:00:00,2,305
1121,2020-11-18 04:00:00,7,350
1122,2020-11-18 07:00:00,5,35
1123,2020-11-18 10:00:00,6,30
1124,2020-11-18 13:00:00,3,350
1125,2020-11-18 16:00:00,1,15
1126,2020-11-18 19:00:00,5,120
1127,2020-11-18 22:00:00,2,195
1128,2020-11-19 01:00:00,3,275
1129,2020-11-19 04:00:00,3,310
1130,2020-11-19 07:00:00,4,360
1131,2020-11-19 10:00:00,6,30
1132,2020-11-19 13:00:00,5,45
1133,2020-11-19 16:00:00,3,40
1134,2020-11-19 19:00:00,4,60
1135,2020-11-19 22:00:00,2,85
1136,2020-11-20 01:00:00,4,330
1137,2020-11-20 04:00:00,5,325
1138,2020-11-20 07:00:00,4,15
1139,2020-11-20 10:00:00,7,45
1140,2020-11-20 13:00:00,5,40
1141,2020-11-20 16:00:00,4,50
1142,2020-11-20 19:00:00,3,55
1143,2020-11-20 22:00:00,3,110
1144,2020-11-21 01:00:00,2,115
1145,2020-11-21 04:00:00,3,10
1146,2020-11-21 07:00:00,4,40
1147,2020-11-21 10:00:00,6,35
1148,2020-11-21 13:00:00,5,15
1149,2020-11-21 16:00:00,4,45
1150,2020-11-21 19:00:00,5,50
1151,2020-11-21 22:00:00,4,80
1152,2020-11-22 01:00:00,1,160
1153,2020-11-22 04:00:00,5,65
1154,2020-11-22 07:00:00,6,85
1155,2020-11-22 10:00:00,8,90
1156,2020-11-22 13:00:00,8,80
1157,2020-11-22 16:00:00,10,65
1158,2020-11-22 19:00:00,10,55
1159,2020-11-22 22:00:00,9,80
1160,2020-11-23 01:00:00,12,80
1161,2020-11-23 04:00:00,10,55
1162,2020-11-23 07:00:00,11,65
1163,2020-11-23 10:00:00,24,70
1164,2020-11-23 13:00:00,19,70
1165,2020-11-23 16:00:00,17,65
1166,2020-11-23 19:00:00,8,50
1167,2020-11-23 22:00:00,15,70
1168,2020-11-24 01:00:00,12,65
1169,2020-11-24 04:00:00,12,60
1170,2020-11-24 07:00:00,12,55
1171,2020-11-24 10:00:00,24,70
1172,2020-11-24 13:00:00,18,70
1173,2020-11-24 16:00:00,15,75
1174,2020-11-24 19:00:00,10,95
1175,2020-11-24 22:00:00,10,65
1176,2020-11-25 01:00:00,9,60
1177,2020-11-25 04:00:00,12,60
1178,2020-11-25 07:00:00,15,55
1179,2020-11-25 10:00:00,26,65
1180,2020-11-25 13:00:00,18,65
1181,2020-11-25 16:00:00,16,60
1182,2020-11-25 19:00:00,10,60
1183,2020-11-25 22:00:00,11,80
1184,2020-11-26 01:00:00,9,65
1185,2020-11-26 04:00:00,11,40
1186,2020-11-26 07:00:00,11,55
1187,2020-11-26 10:00:00,23,65
1188,2020-11-26 13:00:00,20,65
1189,2020-11-26 16:00:00,20,60
1190,2020-11-26 19:00:00,11,30
1191,2020-11-26 22:00:00,15,65
1192,2020-11-27 01:00:00,18,60
1193,2020-11-27 04:00:00,21,60
1194,2020-11-27 07:00:00,17,60
1195,2020-11-27 10:00:00,28,60
1196,2020-11-27 13:00:00,22,55
1197,2020-11-27 16:00:00,18,40
1198,2020-11-27 19:00:00,11,40
1199,2020-11-27 22:00:00,16,60
1200,2020-11-28 01:00:00,13,40
1201,2020-11-28 04:00:00,14,45
1202,2020-11-28 07:00:00,13,20
1203,2020-11-28 10:00:00,23,50
1204,2020-11-28 13:00:00,16,60
1205,2020-11-28 16:00:00,14,45
1206,2020-11-28 19:00:00,8,60
1207,2020-11-28 22:00:00,16,75
1208,2020-11-29 01:00:00,11,35
1209,2020-11-29 04:00:00,12,25
1210,2020-11-29 07:00:00,11,5
1211,2020-11-29 10:00:00,17,45
1212,2020-11-29 13:00:00,15,50
1213,2020-11-29 16:00:00,15,40
1214,2020-11-29 19:00:00,9,65
1215,2020-11-29 22:00:00,17,90
1216,2020-11-30 01:00:00,8,70
1217,2020-11-30 04:00:00,9,40
1218,2020-11-30 07:00:00,9,15
1219,2020-11-30 10:00:00,15,40
1220,2020-11-30 13:00:00,15,40
1221,2020-11-30 16:00:00,17,40
1222,2020-11-30 19:00:00,10,40
1223,2020-11-30 22:00:00,12,70
1224,2020-12-01 01:00:00,8,45
1225,2020-12-01 04:00:00,9,25
1226,2020-12-01 07:00:00,11,5
1227,2020-12-01 10:00:00,14,30
1228,2020-12-01 13:00:00,12,45
1229,2020-12-01 16:00:00,13,50
1230,2020-12-01 19:00:00,11,80
1231,2020-12-01 22:00:00,11,75
1232,2020-12-02 01:00:00,9,50
1233,2020-12-02 04:00:00,11,35
1234,2020-12-02 07:00:00,11,30
1235,2020-12-02 10:00:00,15,50
1236,2020-12-02 13:00:00,13,45
1237,2020-12-02 16:00:00,15,50
1238,2020-12-02 19:00:00,11,45
1239,2020-12-02 22:00:00,13,80
1240,2020-12-03 01:00:00,12,55
1241,2020-12-03 04:00:00,11,50
1242,2020-12-03 07:00:00,13,40
1243,2020-12-03 10:00:00,22,55
1244,2020-12-03 13:00:00,17,50
1245,2020-12-03 16:00:00,18,45
1246,2020-12-03 19:00:00,10,65
1247,2020-12-03 22:00:00,22,85
1248,2020-12-04 01:00:00,11,65
1249,2020-12-04 04:00:00,12,50
1250,2020-12-04 07:00:00,10,65
1251,2020-12-04 10:00:00,22,60
1252,2020-12-04 13:00:00,15,55
1253,2020-12-04 16:00:00,17,35
1254,2020-12-04 19:00:00,9,55
1255,2020-12-04 22:00:00,17,85
1256,2020-12-05 01:00:00,10,45
1257,2020-12-05 04:00:00,9,25
1258,2020-12-05 07:00:00,11,20
1259,2020-12-05 10:00:00,18,45
1260,2020-12-05 13:00:00,14,50
1261,2020-12-05 16:00:00,15,35
1262,2020-12-05 19:00:00,9,35
1263,2020-12-05 22:00:00,13,80
1264,2020-12-06 01:00:00,11,50
1265,2020-12-06 04:00:00,9,20
1266,2020-12-06 07:00:00,7,30
1267,2020-12-06 10:00:00,13,15
1268,2020-12-06 13:00:00,11,25
1269,2020-12-06 16:00:00,12,35
1270,2020-12-06 19:00:00,8,35
1271,2020-12-06 22:00:00,9,15
1272,2020-12-07 01:00:00,8,40
1273,2020-12-07 04:00:00,7,35
1274,2020-12-07 07:00:00,6,5
1275,2020-12-07 10:00:00,15,30
1276,2020-12-07 13:00:00,13,40
1277,2020-12-07 16:00:00,14,45
1278,2020-12-07 19:00:00,10,20
1279,2020-12-07 22:00:00,11,45
1280,2020-12-08 01:00:00,11,60
1281,2020-12-08 04:00:00,9,45
1282,2020-12-08 07:00:00,7,30
1283,2020-12-08 10:00:00,17,40
1284,2020-12-08 13:00:00,12,40
1285,2020-12-08 16:00:00,14,30
1286,2020-12-08 19:00:00,8,25
1287,2020-12-08 22:00:00,11,65
1288,2020-12-09 01:00:00,9,65
1289,2020-12-09 04:00:00,6,45
1290,2020-12-09 07:00:00,6,10
1291,2020-12-09 10:00:00,10,35
1292,2020-12-09 13:00:00,9,20
1293,2020-12-09 16:00:00,10,25
1294,2020-12-09 19:00:00,9,25
1295,2020-12-09 22:00:00,8,35
1296,2020-12-10 01:00:00,6,35
1297,2020-12-10 04:00:00,5,60
1298,2020-12-10 07:00:00,7,20
1299,2020-12-10 10:00:00,12,20
1300,2020-12-10 13:00:00,9,30
1301,2020-12-10 16:00:00,10,25
1302,2020-12-10 19:00:00,7,10
1303,2020-12-10 22:00:00,7,355
1304,2020-12-11 01:00:00,8,40
1305,2020-12-11 04:00:00,5,15
1306,2020-12-11 07:00:00,5,15
1307,2020-12-11 10:00:00,9,10
1308,2020-12-11 13:00:00,6,25
1309,2020-12-11 16:00:00,7,5
1310,2020-12-11 19:00:00,10,10
1311,2020-12-11 22:00:00,8,10
1312,2020-12-12 01:00:00,5,360
1313,2020-12-12 04:00:00,5,40
1314,2020-12-12 07:00:00,5,15
1315,2020-12-12 10:00:00,8,15
1316,2020-12-12 13:00:00,6,35
1317,2020-12-12 16:00:00,3,15
1318,2020-12-12 19:00:00,7,15
1319,2020-12-12 22:00:00,6,10
1320,2020-12-13 01:00:00,5,30
1321,2020-12-13 04:00:00,5,15
1322,2020-12-13 07:00:00,5,5
1323,2020-12-13 10:00:00,6,40
1324,2020-12-13 13:00:00,5,335
1325,2020-12-13 16:00:00,3,315
1326,2020-12-13 19:00:00,4,10
1327,2020-12-13 22:00:00,5,65
1328,2020-12-14 01:00:00,6,90
1329,2020-12-14 04:00:00,6,35
1330,2020-12-14 07:00:00,7,50
1331,2020-12-14 10:00:00,9,70
1332,2020-12-14 13:00:00,8,95
1333,2020-12-14 16:00:00,5,40
1334,2020-12-14 19:00:00,1,65
1335,2020-12-14 22:00:00,6,35
1336,2020-12-15 01:00:00,8,50
1337,2020-12-15 04:00:00,10,60
1338,2020-12-15 07:00:00,12,70
1339,2020-12-15 10:00:00,23,80
1340,2020-12-15 13:00:00,15,65
1341,2020-12-15 16:00:00,13,35
1342,2020-12-15 19:00:00,11,70
1343,2020-12-15 22:00:00,18,80
1344,2020-12-16 01:00:00,8,65
1345,2020-12-16 04:00:00,8,45
1346,2020-12-16 07:00:00,6,35
1347,2020-12-16 10:00:00,16,65
1348,2020-12-16 13:00:00,15,65
1349,2020-12-16 16:00:00,13,65
1350,2020-12-16 19:00:00,12,80
1351,2020-12-16 22:00:00,17,90
1352,2020-12-17 01:00:00,10,80
1353,2020-12-17 04:00:00,7,60
1354,2020-12-17 07:00:00,6,40
1355,2020-12-17 10:00:00,16,70
1356,2020-12-17 13:00:00,12,65
1357,2020-12-17 16:00:00,14,70
1358,2020-12-17 19:00:00,11,60
1359,2020-12-17 22:00:00,17,75
1360,2020-12-18 01:00:00,14,80
1361,2020-12-18 04:00:00,10,65
1362,2020-12-18 07:00:00,8,60
1363,2020-12-18 10:00:00,21,70
1364,2020-12-18 13:00:00,13,60
1365,2020-12-18 16:00:00,16,60
1366,2020-12-18 19:00:00,8,55
1367,2020-12-18 22:00:00,15,90
1368,2020-12-19 01:00:00,10,85
1369,2020-12-19 04:00:00,9,45
1370,2020-12-19 07:00:00,8,30
1371,2020-12-19 10:00:00,19,60
1372,2020-12-19 13:00:00,18,60
1373,2020-12-19 16:00:00,19,60
1374,2020-12-19 19:00:00,10,40
1375,2020-12-19 22:00:00,20,85
1376,2020-12-20 01:00:00,12,60
1377,2020-12-20 04:00:00,10,35
1378,2020-12-20 07:00:00,9,40
1379,2020-12-20 10:00:00,20,55
1380,2020-12-20 13:00:00,18,50
1381,2020-12-20 16:00:00,21,50
1382,2020-12-20 19:00:00,12,40
1383,2020-12-20 22:00:00,15,75
1384,2020-12-21 01:00:00,8,55
1385,2020-12-21 04:00:00,10,40
1386,2020-12-21 07:00:00,11,30
1387,2020-12-21 10:00:00,18,45
1388,2020-12-21 13:00:00,16,50
1389,2020-12-21 16:00:00,18,40
1390,2020-12-21 19:00:00,10,25
1391,2020-12-21 22:00:00,11,55
1392,2020-12-22 01:00:00,9,60
1393,2020-12-22 04:00:00,8,25
1394,2020-12-22 07:00:00,10,15
1395,2020-12-22 10:00:00,13,20
1396,2020-12-22 13:00:00,14,30
1397,2020-12-22 16:00:00,14,25
1398,2020-12-22 19:00:00,8,25
1399,2020-12-22 22:00:00,7,40
1400,2020-12-23 01:00:00,5,55
1401,2020-12-23 04:00:00,9,355
1402,2020-12-23 07:00:00,9,15
1403,2020-12-23 10:00:00,14,5
1404,2020-12-23 13:00:00,12,20
1405,2020-12-23 16:00:00,11,25
1406,2020-12-23 19:00:00,9,0
1407,2020-12-23 22:00:00,7,20
1408,2020-12-24 01:00:00,8,35
1409,2020-12-24 04:00:00,8,25
1410,2020-12-24 07:00:00,6,10
1411,2020-12-24 10:00:00,12,35
1412,2020-12-24 13:00:00,14,45
1413,2020-12-24 16:00:00,13,40
1414,2020-12-24 19:00:00,9,25
1415,2020-12-24 22:00:00,10,50
1416,2020-12-25 01:00:00,9,75
1417,2020-12-25 04:00:00,8,70
1418,2020-12-25 07:00:00,8,60
1419,2020-12-25 10:00:00,15,50
1420,2020-12-25 13:00:00,11,70
1421,2020-12-25 16:00:00,11,75
1422,2020-12-25 19:00:00,8,65
1423,2020-12-25 22:00:00,7,55
1424,2020-12-26 01:00:00,9,75
1425,2020-12-26 04:00:00,8,80
1426,2020-12-26 07:00:00,8,60
1427,2020-12-26 10:00:00,11,50
1428,2020-12-26 13:00:00,10,40
1429,2020-12-26 16:00:00,6,5
1430,2020-12-26 19:00:00,6,25
1431,2020-12-26 22:00:00,5,45
1432,2020-12-27 01:00:00,3,55
1433,2020-12-27 04:00:00,6,75
1434,2020-12-27 07:00:00,5,50
1435,2020-12-27 10:00:00,6,50
1436,2020-12-27 13:00:00,5,40
1437,2020-12-27 16:00:00,3,50
1438,2020-12-27 19:00:00,6,85
1439,2020-12-27 22:00:00,5,85
1440,2020-12-28 01:00:00,6,80
1441,2020-12-28 04:00:00,9,105
1442,2020-12-28 07:00:00,8,100
1443,2020-12-28 10:00:00,10,95
1444,2020-12-28 13:00:00,2,65
1445,2020-12-28 16:00:00,4,345
1446,2020-12-28 19:00:00,5,50
1447,2020-12-28 22:00:00,3,60
1448,2020-12-29 01:00:00,7,115
1449,2020-12-29 04:00:00,4,145
1450,2020-12-29 07:00:00,5,140
1451,2020-12-29 10:00:00,5,150
1452,2020-12-29 13:00:00,1,290
1453,2020-12-29 16:00:00,6,355
1454,2020-12-29 19:00:00,10,25
1455,2020-12-29 22:00:00,10,45
1456,2020-12-30 01:00:00,13,65
1457,2020-12-30 04:00:00,19,85
1458,2020-12-30 07:00:00,24,85
1459,2020-12-30 10:00:00,33,80
1460,2020-12-30 13:00:00,20,70
1461,2020-12-30 16:00:00,25,75
1462,2020-12-30 19:00:00,19,80
1463,2020-12-30 22:00:00,23,80
1464,2020-12-31 01:00:00,11,75
1465,2020-12-31 04:00:00,11,55
1466,2020-12-31 07:00:00,10,35
1467,2020-12-31 10:00:00,25,60
1468,2020-12-31 13:00:00,18,40
1469,2020-12-31 16:00:00,20,50
1470,2020-12-31 19:00:00,13,85
1471,2020-12-31 22:00:00,21,85
1472,2021-01-01 01:00:00,10,50
1473,2021-01-01 04:00:00,9,40
1474,2021-01-01 07:00:00,10,20
1475,2021-01-01 10:00:00,19,50
1476,2021-01-01 13:00:00,15,40
1477,2021-01-01 16:00:00,17,45
1478,2021-01-01 19:00:00,10,30
1479,2021-01-01 22:00:00,12,75
1480,2021-01-02 01:00:00,9,55
1481,2021-01-02 04:00:00,9,30
1482,2021-01-02 07:00:00,5,355
1483,2021-01-02 10:00:00,12,15
1484,2021-01-02 13:00:00,11,15
1485,2021-01-02 16:00:00,12,25
1486,2021-01-02 19:00:00,9,10
1487,2021-01-02 22:00:00,8,15
1488,2021-01-03 01:00:00,8,35
1489,2021-01-03 04:00:00,7,20
1490,2021-01-03 07:00:00,7,20
1491,2021-01-03 10:00:00,12,20
1492,2021-01-03 13:00:00,12,35
1493,2021-01-03 16:00:00,13,45
1494,2021-01-03 19:00:00,9,30
1495,2021-01-03 22:00:00,14,60
1496,2021-01-04 01:00:00,9,55
1497,2021-01-04 04:00:00,9,25
1498,2021-01-04 07:00:00,9,355
1499,2021-01-04 10:00:00,15,35
1500,2021-01-04 13:00:00,13,40
1501,2021-01-04 16:00:00,14,30
1502,2021-01-04 19:00:00,10,5
1503,2021-01-04 22:00:00,7,10
1504,2021-01-05 01:00:00,9,75
1505,2021-01-05 04:00:00,8,40
1506,2021-01-05 07:00:00,7,50
1507,2021-01-05 10:00:00,11,50
1508,2021-01-05 13:00:00,11,45
1509,2021-01-05 16:00:00,12,45
1510,2021-01-05 19:00:00,10,35
1511,2021-01-05 22:00:00,11,45
1512,2021-01-06 01:00:00,13,85
1513,2021-01-06 04:00:00,10,85
1514,2021-01-06 07:00:00,8,40
1515,2021-01-06 10:00:00,17,65
1516,2021-01-06 13:00:00,14,65
1517,2021-01-06 16:00:00,14,65
1518,2021-01-06 19:00:00,7,60
1519,2021-01-06 22:00:00,9,80
1520,2021-01-07 01:00:00,9,80
1521,2021-01-07 04:00:00,8,65
1522,2021-01-07 07:00:00,5,60
1523,2021-01-07 10:00:00,14,75
1524,2021-01-07 13:00:00,11,65
1525,2021-01-07 16:00:00,13,60
1526,2021-01-07 19:00:00,9,70
1527,2021-01-07 22:00:00,18,80
1528,2021-01-08 01:00:00,12,75
1529,2021-01-08 04:00:00,13,70
1530,2021-01-08 07:00:00,12,75
1531,2021-01-08 10:00:00,25,75
1532,2021-01-08 13:00:00,19,80
1533,2021-01-08 16:00:00,24,80
1534,2021-01-08 19:00:00,18,85
1535,2021-01-08 22:00:00,25,85
1536,2021-01-09 01:00:00,9,60
1537,2021-01-09 04:00:00,9,50
1538,2021-01-09 07:00:00,8,40
1539,2021-01-09 10:00:00,18,70
1540,2021-01-09 13:00:00,14,70
1541,2021-01-09 16:00:00,15,70
1542,2021-01-09 19:00:00,10,60
1543,2021-01-09 22:00:00,13,75
1544,2021-01-10 01:00:00,10,70
1545,2021-01-10 04:00:00,7,55
1546,2021-01-10 07:00:00,6,55
1547,2021-01-10 10:00:00,15,70
1548,2021-01-10 13:00:00,12,70
1549,2021-01-10 16:00:00,13,70
1550,2021-01-10 19:00:00,9,80
1551,2021-01-10 22:00:00,16,95
1552,2021-01-11 01:00:00,9,75
1553,2021-01-11 04:00:00,9,50
1554,2021-01-11 07:00:00,6,45
1555,2021-01-11 10:00:00,19,75
1556,2021-01-11 13:00:00,16,75
1557,2021-01-11 16:00:00,23,65
1558,2021-01-11 19:00:00,16,60
1559,2021-01-11 22:00:00,28,75
1560,2021-01-12 01:00:00,15,45
1561,2021-01-12 04:00:00,19,40
1562,2021-01-12 07:00:00,16,45
1563,2021-01-12 10:00:00,20,45
1564,2021-01-12 13:00:00,16,40
1565,2021-01-12 16:00:00,18,45
1566,2021-01-12 19:00:00,10,10
1567,2021-01-12 22:00:00,11,25
1568,2021-01-13 01:00:00,7,85
1569,2021-01-13 04:00:00,6,60
1570,2021-01-13 07:00:00,5,30
1571,2021-01-13 10:00:00,9,20
1572,2021-01-13 13:00:00,7,25
1573,2021-01-13 16:00:00,6,35
1574,2021-01-13 19:00:00,4,55
1575,2021-01-13 22:00:00,5,45
1576,2021-01-14 01:00:00,4,95
1577,2021-01-14 04:00:00,5,355
1578,2021-01-14 07:00:00,7,10
1579,2021-01-14 10:00:00,9,5
1580,2021-01-14 13:00:00,6,355
1581,2021-01-14 16:00:00,4,15
1582,2021-01-14 19:00:00,4,65
1583,2021-01-14 22:00:00,5,95
1584,2021-01-15 01:00:00,3,130
1585,2021-01-15 04:00:00,2,95
1586,2021-01-15 07:00:00,6,65
1587,2021-01-15 10:00:00,7,85
1588,2021-01-15 13:00:00,3,160
1589,2021-01-15 16:00:00,4,295
1590,2021-01-15 19:00:00,2,160
1591,2021-01-15 22:00:00,4,80
1592,2021-01-16 01:00:00,8,85
1593,2021-01-16 04:00:00,6,115
1594,2021-01-16 07:00:00,7,115
1595,2021-01-16 10:00:00,10,110
1596,2021-01-16 13:00:00,7,140
1597,2021-01-16 16:00:00,2,185
1598,2021-01-16 19:00:00,5,120
1599,2021-01-16 22:00:00,8,105
1600,2021-01-17 01:00:00,10,90
1601,2021-01-17 04:00:00,18,85
1602,2021-01-17 07:00:00,14,85
1603,2021-01-17 10:00:00,24,75
1604,2021-01-17 13:00:00,15,50
1605,2021-01-17 16:00:00,17,55
1606,2021-01-17 19:00:00,22,70
1607,2021-01-17 22:00:00,30,80
1608,2021-01-18 01:00:00,16,60
1609,2021-01-18 04:00:00,12,40
1610,2021-01-18 07:00:00,9,25
1611,2021-01-18 10:00:00,21,55
1612,2021-01-18 13:00:00,16,70
1613,2021-01-18 16:00:00,16,65
1614,2021-01-18 19:00:00,10,60
1615,2021-01-18 22:00:00,16,90
1616,2021-01-19 01:00:00,8,85
1617,2021-01-19 04:00:00,5,80
1618,2021-01-19 07:00:00,8,5
1619,2021-01-19 10:00:00,12,55
1620,2021-01-19 13:00:00,11,55
1621,2021-01-19 16:00:00,9,40
1622,2021-01-19 19:00:00,7,45
1623,2021-01-19 22:00:00,7,50
1624,2021-01-20 01:00:00,3,90
1625,2021-01-20 04:00:00,5,65
1626,2021-01-20 07:00:00,5,70
1627,2021-01-20 10:00:00,8,95
1628,2021-01-20 13:00:00,4,185
1629,2021-01-20 16:00:00,5,210
1630,2021-01-20 19:00:00,1,155
1631,2021-01-20 22:00:00,3,105
1632,2021-01-21 01:00:00,4,80
1633,2021-01-21 04:00:00,4,20
1634,2021-01-21 07:00:00,6,35
1635,2021-01-21 10:00:00,8,35
1636,2021-01-21 13:00:00,7,55
1637,2021-01-21 16:00:00,3,45
1638,2021-01-21 19:00:00,6,30
1639,2021-01-21 22:00:00,5,65
1640,2021-01-22 01:00:00,3,70
1641,2021-01-22 04:00:00,3,50
1642,2021-01-22 07:00:00,7,10
1643,2021-01-22 10:00:00,8,45
1644,2021-01-22 13:00:00,3,15
1645,2021-01-22 16:00:00,4,335
1646,2021-01-22 19:00:00,2,105
1647,2021-01-22 22:00:00,6,90
1648,2021-01-23 01:00:00,7,95
1649,2021-01-23 04:00:00,9,105
1650,2021-01-23 07:00:00,5,90
1651,2021-01-23 10:00:00,9,110
1652,2021-01-23 13:00:00,3,115
1653,2021-01-23 16:00:00,5,190
1654,2021-01-23 19:00:00,1,210
1655,2021-01-23 22:00:00,8,95
1656,2021-01-24 01:00:00,6,75
1657,2021-01-24 04:00:00,2,125
1658,2021-01-24 07:00:00,5,210
1659,2021-01-24 10:00:00,1,195
1660,2021-01-24 13:00:00,6,230
1661,2021-01-24 16:00:00,6,230
1662,2021-01-24 19:00:00,7,125
1663,2021-01-24 22:00:00,4,100
1664,2021-01-25 01:00:00,4,140
1665,2021-01-25 04:00:00,2,180
1666,2021-01-25 07:00:00,1,20
1667,2021-01-25 10:00:00,4,170
1668,2021-01-25 13:00:00,6,230
1669,2021-01-25 16:00:00,5,275
1670,2021-01-25 19:00:00,3,325
1671,2021-01-25 22:00:00,9,30
1672,2021-01-26 01:00:00,10,85
1673,2021-01-26 04:00:00,11,95
1674,2021-01-26 07:00:00,6,45
1675,2021-01-26 10:00:00,15,75
1676,2021-01-26 13:00:00,12,60
1677,2021-01-26 16:00:00,8,65
1678,2021-01-26 19:00:00,8,95
1679,2021-01-26 22:00:00,9,95
1680,2021-01-27 01:00:00,13,90
1681,2021-01-27 04:00:00,7,90
1682,2021-01-27 07:00:00,6,55
1683,2021-01-27 10:00:00,11,70
1684,2021-01-27 13:00:00,8,50
1685,2021-01-27 16:00:00,6,45
1686,2021-01-27 19:00:00,8,30
1687,2021-01-27 22:00:00,9,55
1688,2021-01-28 01:00:00,11,95
1689,2021-01-28 04:00:00,9,95
1690,2021-01-28 07:00:00,7,65
1691,2021-01-28 10:00:00,14,70
1692,2021-01-28 13:00:00,15,65
1693,2021-01-28 16:00:00,18,65
1694,2021-01-28 19:00:00,12,80
1695,2021-01-28 22:00:00,28,90
1696,2021-01-29 01:00:00,14,75
1697,2021-01-29 04:00:00,9,60
1698,2021-01-29 07:00:00,9,30
1699,2021-01-29 10:00:00,20,75
1700,2021-01-29 13:00:00,16,80
1701,2021-01-29 16:00:00,13,80
1702,2021-01-29 19:00:00,9,60
1703,2021-01-29 22:00:00,12,80
1704,2021-01-30 01:00:00,10,80
1705,2021-01-30 04:00:00,9,70
1706,2021-01-30 07:00:00,5,60
1707,2021-01-30 10:00:00,14,85
1708,2021-01-30 13:00:00,10,70
1709,2021-01-30 16:00:00,10,55
1710,2021-01-30 19:00:00,6,65
1711,2021-01-30 22:00:00,11,50
1712,2021-01-31 01:00:00,14,75
1713,2021-01-31 04:00:00,10,70
1714,2021-01-31 07:00:00,6,80
1715,2021-01-31 10:00:00,18,90
1716,2021-01-31 13:00:00,14,105
1717,2021-01-31 16:00:00,10,100
1718,2021-01-31 19:00:00,5,85
1719,2021-01-31 22:00:00,6,60
1720,2021-02-01 01:00:00,11,90
1721,2021-02-01 04:00:00,8,75
1722,2021-02-01 07:00:00,7,95
1723,2021-02-01 10:00:00,13,75
1724,2021-02-01 13:00:00,8,65
1725,2021-02-01 16:00:00,9,15
1726,2021-02-01 19:00:00,8,20
1727,2021-02-01 22:00:00,10,55
1728,2021-02-02 01:00:00,10,100
1729,2021-02-02 04:00:00,10,110
1730,2021-02-02 07:00:00,8,50
1731,2021-02-02 10:00:00,13,95
1732,2021-02-02 13:00:00,8,80
1733,2021-02-02 16:00:00,7,50
1734,2021-02-02 19:00:00,5,80
1735,2021-02-02 22:00:00,9,75
1736,2021-02-03 01:00:00,12,100
1737,2021-02-03 04:00:00,8,90
1738,2021-02-03 07:00:00,7,70
1739,2021-02-03 10:00:00,16,85
1740,2021-02-03 13:00:00,15,95
1741,2021-02-03 16:00:00,13,65
1742,2021-02-03 19:00:00,8,60
1743,2021-02-03 22:00:00,18,80
1744,2021-02-04 01:00:00,17,85
1745,2021-02-04 04:00:00,9,85
1746,2021-02-04 07:00:00,5,70
1747,2021-02-04 10:00:00,18,75
1748,2021-02-04 13:00:00,14,80
1749,2021-02-04 16:00:00,14,70
1750,2021-02-04 19:00:00,10,60
1751,2021-02-04 22:00:00,12,70
1752,2021-02-05 01:00:00,10,90
1753,2021-02-05 04:00:00,7,90
1754,2021-02-05 07:00:00,5,50
1755,2021-02-05 10:00:00,13,80
1756,2021-02-05 13:00:00,12,60
1757,2021-02-05 16:00:00,12,60
1758,2021-02-05 19:00:00,9,70
1759,2021-02-05 22:00:00,9,75
1760,2021-02-06 01:00:00,12,90
1761,2021-02-06 04:00:00,8,85
1762,2021-02-06 07:00:00,6,60
1763,2021-02-06 10:00:00,14,75
1764,2021-02-06 13:00:00,12,75
1765,2021-02-06 16:00:00,9,55
1766,2021-02-06 19:00:00,7,40
1767,2021-02-06 22:00:00,8,60
1768,2021-02-07 01:00:00,12,90
1769,2021-02-07 04:00:00,7,90
1770,2021-02-07 07:00:00,5,95
1771,2021-02-07 10:00:00,10,80
1772,2021-02-07 13:00:00,6,70
1773,2021-02-07 16:00:00,6,70
1774,2021-02-07 19:00:00,5,65
1775,2021-02-07 22:00:00,6,80
1776,2021-02-08 01:00:00,4,50
1777,2021-02-08 04:00:00,10,90
1778,2021-02-08 07:00:00,10,85
1779,2021-02-08 10:00:00,17,100
1780,2021-02-08 13:00:00,11,105
1781,2021-02-08 16:00:00,10,125
1782,2021-02-08 19:00:00,8,110
1783,2021-02-08 22:00:00,21,90
1784,2021-02-09 01:00:00,16,95
1785,2021-02-09 04:00:00,6,325
1786,2021-02-09 07:00:00,6,30
1787,2021-02-09 10:00:00,7,100
1788,2021-02-09 13:00:00,10,345
1789,2021-02-09 16:00:00,16,25
1790,2021-02-09 19:00:00,13,30
1791,2021-02-09 22:00:00,17,40
1792,2021-02-10 01:00:00,8,0
1793,2021-02-10 04:00:00,7,15
1794,2021-02-10 07:00:00,6,20
1795,2021-02-10 10:00:00,11,30
1796,2021-02-10 13:00:00,12,355
1797,2021-02-10 16:00:00,14,5
1798,2021-02-10 19:00:00,8,35
1799,2021-02-10 22:00:00,8,65
1800,2021-02-11 01:00:00,6,85
1801,2021-02-11 04:00:00,9,85
1802,2021-02-11 07:00:00,6,105
1803,2021-02-11 10:00:00,10,75
1804,2021-02-11 13:00:00,10,75
1805,2021-02-11 16:00:00,7,60
1806,2021-02-11 19:00:00,7,60
1807,2021-02-11 22:00:00,7,70
1808,2021-02-12 01:00:00,5,120
1809,2021-02-12 04:00:00,8,100
1810,2021-02-12 07:00:00,8,105
1811,2021-02-12 10:00:00,10,105
1812,2021-02-12 13:00:00,5,55
1813,2021-02-12 16:00:00,7,30
1814,2021-02-12 19:00:00,8,70
1815,2021-02-12 22:00:00,8,70
1816,2021-02-13 01:00:00,11,105
1817,2021-02-13 04:00:00,10,100
1818,2021-02-13 07:00:00,7,100
1819,2021-02-13 10:00:00,10,95
1820,2021-02-13 13:00:00,9,100
1821,2021-02-13 16:00:00,5,70
1822,2021-02-13 19:00:00,7,105
1823,2021-02-13 22:00:00,6,125
1824,2021-02-14 01:00:00,3,130
1825,2021-02-14 04:00:00,8,100
1826,2021-02-14 07:00:00,12,110
1827,2021-02-14 10:00:00,11,110
1828,2021-02-14 13:00:00,6,85
1829,2021-02-14 16:00:00,3,40
1830,2021-02-14 19:00:00,9,110
1831,2021-02-14 22:00:00,8,105
1832,2021-02-15 01:00:00,7,135
1833,2021-02-15 04:00:00,7,95
1834,2021-02-15 07:00:00,10,130
1835,2021-02-15 10:00:00,12,150
1836,2021-02-15 13:00:00,5,170
1837,2021-02-15 16:00:00,2,195
1838,2021-02-15 19:00:00,8,120
1839,2021-02-15 22:00:00,9,125
1840,2021-02-16 01:00:00,7,105
1841,2021-02-16 04:00:00,5,145
1842,2021-02-16 07:00:00,6,175
1843,2021-02-16 10:00:00,11,145
1844,2021-02-16 13:00:00,7,145
1845,2021-02-16 16:00:00,3,95
1846,2021-02-16 19:00:00,8,95
1847,2021-02-16 22:00:00,10,95
1848,2021-02-17 01:00:00,8,85
1849,2021-02-17 04:00:00,11,105
1850,2021-02-17 07:00:00,14,95
1851,2021-02-17 10:00:00,25,95
1852,2021-02-17 13:00:00,24,95
1853,2021-02-17 16:00:00,19,90
1854,2021-02-17 19:00:00,10,100
1855,2021-02-17 22:00:00,23,90
1856,2021-02-18 01:00:00,19,70
1857,2021-02-18 04:00:00,17,70
1858,2021-02-18 07:00:00,18,80
1859,2021-02-18 10:00:00,27,80
1860,2021-02-18 13:00:00,23,85
1861,2021-02-18 16:00:00,25,75
1862,2021-02-18 19:00:00,17,80
1863,2021-02-18 22:00:00,22,80
1864,2021-02-19 01:00:00,10,50
1865,2021-02-19 04:00:00,11,50
1866,2021-02-19 07:00:00,9,45
1867,2021-02-19 10:00:00,22,70
1868,2021-02-19 13:00:00,19,75
1869,2021-02-19 16:00:00,18,60
1870,2021-02-19 19:00:00,9,55
1871,2021-02-19 22:00:00,15,75
1872,2021-02-20 01:00:00,12,75
1873,2021-02-20 04:00:00,9,65
1874,2021-02-20 07:00:00,7,55
1875,2021-02-20 10:00:00,17,65
1876,2021-02-20 13:00:00,13,50
1877,2021-02-20 16:00:00,13,50
1878,2021-02-20 19:00:00,7,50
1879,2021-02-20 22:00:00,7,50
1880,2021-02-21 01:00:00,13,90
1881,2021-02-21 04:00:00,8,100
1882,2021-02-21 07:00:00,5,115
1883,2021-02-21 10:00:00,8,85
1884,2021-02-21 13:00:00,3,50
1885,2021-02-21 16:00:00,2,85
1886,2021-02-21 19:00:00,6,135
1887,2021-02-21 22:00:00,4,170
1888,2021-02-22 01:00:00,3,125
1889,2021-02-22 04:00:00,4,100
1890,2021-02-22 07:00:00,4,105
1891,2021-02-22 10:00:00,4,145
1892,2021-02-22 13:00:00,4,25
1893,2021-02-22 16:00:00,5,90
1894,2021-02-22 19:00:00,7,120
1895,2021-02-22 22:00:00,5,105
1896,2021-02-23 01:00:00,7,130
1897,2021-02-23 04:00:00,6,110
1898,2021-02-23 07:00:00,11,140
1899,2021-02-23 10:00:00,13,125
1900,2021-02-23 13:00:00,9,125
1901,2021-02-23 16:00:00,7,75
1902,2021-02-23 19:00:00,8,125
1903,2021-02-23 22:00:00,8,125
1904,2021-02-24 01:00:00,7,120
1905,2021-02-24 04:00:00,6,120
1906,2021-02-24 07:00:00,8,140
1907,2021-02-24 10:00:00,10,150
1908,2021-02-24 13:00:00,10,165
1909,2021-02-24 16:00:00,9,190
1910,2021-02-24 19:00:00,10,145
1911,2021-02-24 22:00:00,7,165
1912,2021-02-25 01:00:00,7,150
1913,2021-02-25 04:00:00,8,180
1914,2021-02-25 07:00:00,6,210
1915,2021-02-25 10:00:00,12,265
1916,2021-02-25 13:00:00,11,255
1917,2021-02-25 16:00:00,15,250
1918,2021-02-25 19:00:00,9,205
1919,2021-02-25 22:00:00,9,235
1920,2021-02-26 01:00:00,10,260
1921,2021-02-26 04:00:00,7,215
1922,2021-02-26 07:00:00,5,245
1923,2021-02-26 10:00:00,7,275
1924,2021-02-26 13:00:00,7,240
1925,2021-02-26 16:00:00,10,235
1926,2021-02-26 19:00:00,8,140
1927,2021-02-26 22:00:00,9,205
1928,2021-02-27 01:00:00,11,270
1929,2021-02-27 04:00:00,7,200
1930,2021-02-27 07:00:00,2,280
1931,2021-02-27 10:00:00,3,225
1932,2021-02-27 13:00:00,8,225
1933,2021-02-27 16:00:00,8,245
1934,2021-02-27 19:00:00,9,165
1935,2021-02-27 22:00:00,9,160
1936,2021-02-28 01:00:00,6,205
1937,2021-02-28 04:00:00,6,120
1938,2021-02-28 07:00:00,9,130
1939,2021-02-28 10:00:00,10,160
1940,2021-02-28 13:00:00,13,205
1941,2021-02-28 16:00:00,17,190
1942,2021-02-28 19:00:00,10,165
1943,2021-02-28 22:00:00,9,170
1944,2021-03-01 01:00:00,12,180
1945,2021-03-01 04:00:00,10,210
1946,2021-03-01 07:00:00,7,235
1947,2021-03-01 10:00:00,10,260
1948,2021-03-01 13:00:00,6,210
1949,2021-03-01 16:00:00,7,205
1950,2021-03-01 19:00:00,7,110
1951,2021-03-01 22:00:00,9,135
1952,2021-03-02 01:00:00,1,105
1953,2021-03-02 04:00:00,4,145
1954,2021-03-02 07:00:00,4,120
1955,2021-03-02 10:00:00,9,90
1956,2021-03-02 13:00:00,10,100
1957,2021-03-02 16:00:00,5,245
1958,2021-03-02 19:00:00,8,125
1959,2021-03-02 22:00:00,14,100
1960,2021-03-03 01:00:00,15,105
1961,2021-03-03 04:00:00,11,95
1962,2021-03-03 07:00:00,16,105
1963,2021-03-03 10:00:00,15,100
1964,2021-03-03 13:00:00,13,120
1965,2021-03-03 16:00:00,7,115
1966,2021-03-03 19:00:00,12,80
1967,2021-03-03 22:00:00,9,90
1968,2021-03-04 01:00:00,5,130
1969,2021-03-04 04:00:00,9,115
1970,2021-03-04 07:00:00,9,110
1971,2021-03-04 10:00:00,8,140
1972,2021-03-04 13:00:00,10,155
1973,2021-03-04 16:00:00,9,185
1974,2021-03-04 19:00:00,7,135
1975,2021-03-04 22:00:00,6,125
1976,2021-03-05 01:00:00,3,140
1977,2021-03-05 04:00:00,1,290
1978,2021-03-05 07:00:00,5,190
1979,2021-03-05 10:00:00,10,195
1980,2021-03-05 13:00:00,11,205
1981,2021-03-05 16:00:00,13,205
1982,2021-03-05 19:00:00,10,180
1983,2021-03-05 22:00:00,8,175
1984,2021-03-06 01:00:00,8,225
1985,2021-03-06 04:00:00,11,225
1986,2021-03-06 07:00:00,11,235
1987,2021-03-06 10:00:00,9,260
1988,2021-03-06 13:00:00,7,210
1989,2021-03-06 16:00:00,12,190
1990,2021-03-06 19:00:00,7,150
1991,2021-03-06 22:00:00,8,120
1992,2021-03-07 01:00:00,6,95
1993,2021-03-07 04:00:00,7,135
1994,2021-03-07 07:00:00,7,130
1995,2021-03-07 10:00:00,10,160
1996,2021-03-07 13:00:00,12,140
1997,2021-03-07 16:00:00,8,180
1998,2021-03-07 19:00:00,9,340
1999,2021-03-07 22:00:00,9,35
2000,2021-03-08 01:00:00,7,90
2001,2021-03-08 04:00:00,10,100
2002,2021-03-08 07:00:00,8,50
2003,2021-03-08 10:00:00,11,105
2004,2021-03-08 13:00:00,9,145
2005,2021-03-08 16:00:00,4,165
2006,2021-03-08 19:00:00,8,110
2007,2021-03-08 22:00:00,5,115
2008,2021-03-09 01:00:00,7,95
2009,2021-03-09 04:00:00,7,75
2010,2021-03-09 07:00:00,2,350
2011,2021-03-09 10:00:00,9,115
2012,2021-03-09 13:00:00,4,115
2013,2021-03-09 16:00:00,4,155
2014,2021-03-09 19:00:00,0,85
2015,2021-03-09 22:00:00,5,100
2016,2021-03-10 01:00:00,6,100
2017,2021-03-10 04:00:00,9,90
2018,2021-03-10 07:00:00,12,110
2019,2021-03-10 10:00:00,15,105
2020,2021-03-10 13:00:00,10,125
2021,2021-03-10 16:00:00,7,135
2022,2021-03-10 19:00:00,5,150
2023,2021-03-10 22:00:00,6,155
2024,2021-03-11 01:00:00,4,130
2025,2021-03-11 04:00:00,9,90
2026,2021-03-11 07:00:00,9,85
2027,2021-03-11 10:00:00,9,85
2028,2021-03-11 13:00:00,11,120
2029,2021-03-11 16:00:00,8,115
2030,2021-03-11 19:00:00,4,180
2031,2021-03-11 22:00:00,5,45
2032,2021-03-12 01:00:00,12,105
2033,2021-03-12 04:00:00,13,105
2034,2021-03-12 07:00:00,14,95
2035,2021-03-12 10:00:00,17,85
2036,2021-03-12 13:00:00,11,85
2037,2021-03-12 16:00:00,10,75
2038,2021-03-12 19:00:00,7,75
2039,2021-03-12 22:00:00,9,75
2040,2021-03-13 01:00:00,12,80
2041,2021-03-13 04:00:00,10,110
2042,2021-03-13 07:00:00,12,100
2043,2021-03-13 10:00:00,16,90
2044,2021-03-13 13:00:00,11,125
2045,2021-03-13 16:00:00,8,100
2046,2021-03-13 19:00:00,7,70
2047,2021-03-13 22:00:00,8,70
2048,2021-03-14 01:00:00,14,100
2049,2021-03-14 04:00:00,13,110
2050,2021-03-14 07:00:00,11,90
2051,2021-03-14 10:00:00,13,110
2052,2021-03-14 13:00:00,10,115
2053,2021-03-14 16:00:00,6,140
2054,2021-03-14 19:00:00,7,160
2055,2021-03-14 22:00:00,6,135
2056,2021-03-15 01:00:00,7,120
2057,2021-03-15 04:00:00,6,110
2058,2021-03-15 07:00:00,10,150
2059,2021-03-15 10:00:00,11,140
2060,2021-03-15 13:00:00,9,160
2061,2021-03-15 16:00:00,5,175
2062,2021-03-15 19:00:00,7,160
2063,2021-03-15 22:00:00,4,115
2064,2021-03-16 01:00:00,2,165
2065,2021-03-16 04:00:00,3,185
2066,2021-03-16 07:00:00,7,160
2067,2021-03-16 10:00:00,4,210
2068,2021-03-16 13:00:00,7,175
2069,2021-03-16 16:00:00,7,220
2070,2021-03-16 19:00:00,3,155
2071,2021-03-16 22:00:00,6,215
2072,2021-03-17 01:00:00,8,205
2073,2021-03-17 04:00:00,9,215
2074,2021-03-17 07:00:00,8,215
2075,2021-03-17 10:00:00,10,235
2076,2021-03-17 13:00:00,8,215
2077,2021-03-17 16:00:00,7,170
2078,2021-03-17 19:00:00,5,160
2079,2021-03-17 22:00:00,9,215
2080,2021-03-18 01:00:00,10,210
2081,2021-03-18 04:00:00,7,230
2082,2021-03-18 07:00:00,5,135
2083,2021-03-18 10:00:00,8,135
2084,2021-03-18 13:00:00,9,155
2085,2021-03-18 16:00:00,11,160
2086,2021-03-18 19:00:00,7,180
2087,2021-03-18 22:00:00,8,200
2088,2021-03-19 01:00:00,5,280
2089,2021-03-19 04:00:00,5,250
2090,2021-03-19 07:00:00,7,155
2091,2021-03-19 10:00:00,12,190
2092,2021-03-19 13:00:00,7,205
2093,2021-03-19 16:00:00,5,220
2094,2021-03-19 19:00:00,4,135
2095,2021-03-19 22:00:00,6,165
2096,2021-03-20 01:00:00,9,185
2097,2021-03-20 04:00:00,7,215
2098,2021-03-20 07:00:00,8,200
2099,2021-03-20 10:00:00,11,215
2100,2021-03-20 13:00:00,11,195
2101,2021-03-20 16:00:00,14,195
2102,2021-03-20 19:00:00,3,310
2103,2021-03-20 22:00:00,5,310
2104,2021-03-21 01:00:00,7,195
2105,2021-03-21 04:00:00,7,170
2106,2021-03-21 07:00:00,5,125
2107,2021-03-21 10:00:00,11,115
2108,2021-03-21 13:00:00,8,140
2109,2021-03-21 16:00:00,6,75
2110,2021-03-21 19:00:00,23,80
2111,2021-03-21 22:00:00,31,75
2112,2021-03-22 01:00:00,19,80
2113,2021-03-22 04:00:00,15,70
2114,2021-03-22 07:00:00,18,75
2115,2021-03-22 10:00:00,27,75
2116,2021-03-22 13:00:00,19,65
2117,2021-03-22 16:00:00,21,80
2118,2021-03-22 19:00:00,25,90
2119,2021-03-22 22:00:00,23,80
2120,2021-03-23 01:00:00,23,80
2121,2021-03-23 04:00:00,12,80
2122,2021-03-23 07:00:00,12,80
2123,2021-03-23 10:00:00,14,55
2124,2021-03-23 13:00:00,13,60
2125,2021-03-23 16:00:00,10,55
2126,2021-03-23 19:00:00,9,75
2127,2021-03-23 22:00:00,7,75
2128,2021-03-24 01:00:00,12,105
2129,2021-03-24 04:00:00,9,95
2130,2021-03-24 07:00:00,9,100
2131,2021-03-24 10:00:00,11,55
2132,2021-03-24 13:00:00,12,50
2133,2021-03-24 16:00:00,10,60
2134,2021-03-24 19:00:00,9,85
2135,2021-03-24 22:00:00,8,145
2136,2021-03-25 01:00:00,8,140
2137,2021-03-25 04:00:00,10,95
2138,2021-03-25 07:00:00,11,95
2139,2021-03-25 10:00:00,13,120
2140,2021-03-25 13:00:00,10,130
2141,2021-03-25 16:00:00,6,105
2142,2021-03-25 19:00:00,8,115
2143,2021-03-25 22:00:00,9,145
2144,2021-03-26 01:00:00,7,150
2145,2021-03-26 04:00:00,9,95
2146,2021-03-26 07:00:00,10,140
2147,2021-03-26 10:00:00,13,150
2148,2021-03-26 13:00:00,6,195
2149,2021-03-26 16:00:00,3,180
2150,2021-03-26 19:00:00,5,135
2151,2021-03-26 22:00:00,9,145
2152,2021-03-27 01:00:00,3,175
2153,2021-03-27 04:00:00,7,205
2154,2021-03-27 07:00:00,6,205
2155,2021-03-27 10:00:00,9,195
2156,2021-03-27 13:00:00,11,185
2157,2021-03-27 16:00:00,9,225
2158,2021-03-27 19:00:00,12,285
2159,2021-03-27 22:00:00,2,80
2160,2021-03-28 01:00:00,7,230
2161,2021-03-28 04:00:00,10,200
2162,2021-03-28 07:00:00,6,235
2163,2021-03-28 10:00:00,9,245
2164,2021-03-28 13:00:00,13,240
2165,2021-03-28 16:00:00,17,190
2166,2021-03-28 19:00:00,5,40
2167,2021-03-28 22:00:00,10,350
2168,2021-03-29 01:00:00,5,240
2169,2021-03-29 04:00:00,11,225
2170,2021-03-29 07:00:00,8,205
2171,2021-03-29 10:00:00,10,245
2172,2021-03-29 13:00:00,13,230
2173,2021-03-29 16:00:00,13,240
2174,2021-03-29 19:00:00,9,300
2175,2021-03-29 22:00:00,7,315
2176,2021-03-30 01:00:00,7,225
2177,2021-03-30 04:00:00,12,225
2178,2021-03-30 07:00:00,12,240
2179,2021-03-30 10:00:00,20,225
2180,2021-03-30 13:00:00,20,210
2181,2021-03-30 16:00:00,15,235
2182,2021-03-30 19:00:00,15,330
2183,2021-03-30 22:00:00,3,25
2184,2021-03-31 01:00:00,9,195
2185,2021-03-31 04:00:00,15,210
2186,2021-03-31 07:00:00,12,225
2187,2021-03-31 10:00:00,13,245
2188,2021-03-31 13:00:00,15,215
2189,2021-03-31 16:00:00,12,235
2190,2021-03-31 19:00:00,12,240
2191,2021-03-31 22:00:00,9,200
2192,2021-04-01 01:00:00,14,215
2193,2021-04-01 04:00:00,11,235
2194,2021-04-01 07:00:00,7,225
2195,2021-04-01 10:00:00,8,265
2196,2021-04-01 13:00:00,11,255
2197,2021-04-01 16:00:00,10,190
2198,2021-04-01 19:00:00,11,205
2199,2021-04-01 22:00:00,11,205
2200,2021-04-02 01:00:00,13,215
2201,2021-04-02 04:00:00,15,215
2202,2021-04-02 07:00:00,11,200
2203,2021-04-02 10:00:00,10,195
2204,2021-04-02 13:00:00,19,180
2205,2021-04-02 16:00:00,19,180
2206,2021-04-02 19:00:00,6,265
2207,2021-04-02 22:00:00,7,290
2208,2021-04-03 01:00:00,6,210
2209,2021-04-03 04:00:00,5,160
2210,2021-04-03 07:00:00,6,135
2211,2021-04-03 10:00:00,12,145
2212,2021-04-03 13:00:00,12,135
2213,2021-04-03 16:00:00,14,135
2214,2021-04-03 19:00:00,10,150
2215,2021-04-03 22:00:00,6,135
2216,2021-04-04 01:00:00,9,90
2217,2021-04-04 04:00:00,9,140
2218,2021-04-04 07:00:00,8,80
2219,2021-04-04 10:00:00,8,130
2220,2021-04-04 13:00:00,12,85
2221,2021-04-04 16:00:00,11,65
2222,2021-04-04 19:00:00,9,20
2223,2021-04-04 22:00:00,6,315
2224,2021-04-05 01:00:00,9,10
2225,2021-04-05 04:00:00,6,45
2226,2021-04-05 07:00:00,10,75
2227,2021-04-05 10:00:00,18,95
2228,2021-04-05 13:00:00,13,110
2229,2021-04-05 16:00:00,11,155
2230,2021-04-05 19:00:00,6,145
2231,2021-04-05 22:00:00,1,115
2232,2021-04-06 01:00:00,10,80
2233,2021-04-06 04:00:00,9,110
2234,2021-04-06 07:00:00,16,110
2235,2021-04-06 10:00:00,18,115
2236,2021-04-06 13:00:00,11,150
2237,2021-04-06 16:00:00,7,175
2238,2021-04-06 19:00:00,3,325
2239,2021-04-06 22:00:00,3,330
2240,2021-04-07 01:00:00,8,305
2241,2021-04-07 04:00:00,5,15
2242,2021-04-07 07:00:00,7,25
2243,2021-04-07 10:00:00,8,10
2244,2021-04-07 13:00:00,11,355
2245,2021-04-07 16:00:00,8,330
2246,2021-04-07 19:00:00,9,305
2247,2021-04-07 22:00:00,10,330
2248,2021-04-08 01:00:00,9,320
2249,2021-04-08 04:00:00,5,290
2250,2021-04-08 07:00:00,8,5
2251,2021-04-08 10:00:00,5,0
2252,2021-04-08 13:00:00,5,320
2253,2021-04-08 16:00:00,13,320
2254,2021-04-08 19:00:00,12,260
2255,2021-04-08 22:00:00,11,220
2256,2021-04-09 01:00:00,8,260
2257,2021-04-09 04:00:00,6,90
2258,2021-04-09 07:00:00,7,100
2259,2021-04-09 10:00:00,8,125
2260,2021-04-09 13:00:00,8,120
2261,2021-04-09 16:00:00,11,65
2262,2021-04-09 19:00:00,8,110
2263,2021-04-09 22:00:00,3,115
2264,2021-04-10 01:00:00,16,95
2265,2021-04-10 04:00:00,12,85
2266,2021-04-10 07:00:00,14,85
2267,2021-04-10 10:00:00,16,95
2268,2021-04-10 13:00:00,13,100
2269,2021-04-10 16:00:00,8,90
2270,2021-04-10 19:00:00,2,50
2271,2021-04-10 22:00:00,11,65
2272,2021-04-11 01:00:00,12,75
2273,2021-04-11 04:00:00,8,85
2274,2021-04-11 07:00:00,11,100
2275,2021-04-11 10:00:00,14,100
2276,2021-04-11 13:00:00,10,85
2277,2021-04-11 16:00:00,6,75
2278,2021-04-11 19:00:00,5,90
2279,2021-04-11 22:00:00,1,85
2280,2021-04-12 01:00:00,8,55
2281,2021-04-12 04:00:00,8,75
2282,2021-04-12 07:00:00,16,115
2283,2021-04-12 10:00:00,12,140
2284,2021-04-12 13:00:00,4,85
2285,2021-04-12 16:00:00,10,180
2286,2021-04-12 19:00:00,8,175
2287,2021-04-12 22:00:00,11,195
2288,2021-04-13 01:00:00,11,225
2289,2021-04-13 04:00:00,2,165
2290,2021-04-13 07:00:00,3,145
2291,2021-04-13 10:00:00,5,130
2292,2021-04-13 13:00:00,11,150
2293,2021-04-13 16:00:00,17,185
2294,2021-04-13 19:00:00,18,200
2295,2021-04-13 22:00:00,9,210
2296,2021-04-14 01:00:00,8,230
2297,2021-04-14 04:00:00,5,225
2298,2021-04-14 07:00:00,3,270
2299,2021-04-14 10:00:00,8,265
2300,2021-04-14 13:00:00,10,280
2301,2021-04-14 16:00:00,4,310
2302,2021-04-14 19:00:00,19,270
2303,2021-04-14 22:00:00,5,300
2304,2021-04-15 01:00:00,7,235
2305,2021-04-15 04:00:00,7,250
2306,2021-04-15 07:00:00,2,315
2307,2021-04-15 10:00:00,1,195
2308,2021-04-15 13:00:00,5,240
2309,2021-04-15 16:00:00,4,275
2310,2021-04-15 19:00:00,2,185
2311,2021-04-15 22:00:00,9,190
2312,2021-04-16 01:00:00,8,220
2313,2021-04-16 04:00:00,8,190
2314,2021-04-16 07:00:00,5,180
2315,2021-04-16 10:00:00,8,170
2316,2021-04-16 13:00:00,12,185
2317,2021-04-16 16:00:00,13,195
2318,2021-04-16 19:00:00,13,175
2319,2021-04-16 22:00:00,9,280
2320,2021-04-17 01:00:00,3,335
2321,2021-04-17 04:00:00,4,350
2322,2021-04-17 07:00:00,14,55
2323,2021-04-17 10:00:00,12,90
2324,2021-04-17 13:00:00,6,105
2325,2021-04-17 16:00:00,3,290
2326,2021-04-17 19:00:00,6,95
2327,2021-04-17 22:00:00,8,55
2328,2021-04-18 01:00:00,11,15
2329,2021-04-18 04:00:00,10,30
2330,2021-04-18 07:00:00,9,85
2331,2021-04-18 10:00:00,10,110
2332,2021-04-18 13:00:00,6,165
2333,2021-04-18 16:00:00,7,150
2334,2021-04-18 19:00:00,14,20
2335,2021-04-18 22:00:00,3,45
2336,2021-04-19 01:00:00,6,215
2337,2021-04-19 04:00:00,5,230
2338,2021-04-19 07:00:00,3,190
2339,2021-04-19 10:00:00,5,340
2340,2021-04-19 13:00:00,8,285
2341,2021-04-19 16:00:00,4,215
2342,2021-04-19 19:00:00,7,220
2343,2021-04-19 22:00:00,14,175
2344,2021-04-20 01:00:00,7,195
2345,2021-04-20 04:00:00,10,175
2346,2021-04-20 07:00:00,6,170
2347,2021-04-20 10:00:00,8,210
2348,2021-04-20 13:00:00,8,230
2349,2021-04-20 16:00:00,7,200
2350,2021-04-20 19:00:00,6,155
2351,2021-04-20 22:00:00,5,180
2352,2021-04-21 01:00:00,7,180
2353,2021-04-21 04:00:00,7,190
2354,2021-04-21 07:00:00,7,205
2355,2021-04-21 10:00:00,11,215
2356,2021-04-21 13:00:00,7,205
2357,2021-04-21 16:00:00,3,165
2358,2021-04-21 19:00:00,5,260
2359,2021-04-21 22:00:00,5,230
2360,2021-04-22 01:00:00,5,230
2361,2021-04-22 04:00:00,4,180
2362,2021-04-22 07:00:00,4,210
2363,2021-04-22 10:00:00,5,195
2364,2021-04-22 13:00:00,8,260
2365,2021-04-22 16:00:00,6,135
2366,2021-04-22 19:00:00,14,175
2367,2021-04-22 22:00:00,12,200
2368,2021-04-23 01:00:00,12,210
2369,2021-04-23 04:00:00,10,190
2370,2021-04-23 07:00:00,11,215
2371,2021-04-23 10:00:00,10,235
2372,2021-04-23 13:00:00,9,225
2373,2021-04-23 16:00:00,6,235
2374,2021-04-23 19:00:00,13,175
2375,2021-04-23 22:00:00,16,200
2376,2021-04-24 01:00:00,16,205
2377,2021-04-24 04:00:00,10,190
2378,2021-04-24 07:00:00,10,190
2379,2021-04-24 10:00:00,6,215
2380,2021-04-24 13:00:00,8,165
2381,2021-04-24 16:00:00,10,150
2382,2021-04-24 19:00:00,14,165
2383,2021-04-24 22:00:00,15,200
2384,2021-04-25 01:00:00,13,200
2385,2021-04-25 04:00:00,11,185
2386,2021-04-25 07:00:00,12,190
2387,2021-04-25 10:00:00,11,190
2388,2021-04-25 13:00:00,11,165
2389,2021-04-25 16:00:00,12,140
2390,2021-04-25 19:00:00,9,155
2391,2021-04-25 22:00:00,11,185
2392,2021-04-26 01:00:00,8,205
2393,2021-04-26 04:00:00,5,160
2394,2021-04-26 07:00:00,5,165
2395,2021-04-26 10:00:00,8,170
2396,2021-04-26 13:00:00,10,180
2397,2021-04-26 16:00:00,8,255
2398,2021-04-26 19:00:00,7,185
2399,2021-04-26 22:00:00,1,125
2400,2021-04-27 01:00:00,6,155
2401,2021-04-27 04:00:00,10,355
2402,2021-04-27 07:00:00,9,45
2403,2021-04-27 10:00:00,5,65
2404,2021-04-27 13:00:00,9,20
2405,2021-04-27 16:00:00,12,15
2406,2021-04-27 19:00:00,6,20
2407,2021-04-27 22:00:00,5,30
2408,2021-04-28 01:00:00,6,350
2409,2021-04-28 04:00:00,9,355
2410,2021-04-28 07:00:00,7,20
2411,2021-04-28 10:00:00,9,80
2412,2021-04-28 13:00:00,6,110
2413,2021-04-28 16:00:00,2,0
2414,2021-04-28 19:00:00,12,340
2415,2021-04-28 22:00:00,3,350
2416,2021-04-29 01:00:00,3,250
2417,2021-04-29 04:00:00,9,190
2418,2021-04-29 07:00:00,2,340
2419,2021-04-29 10:00:00,5,40
2420,2021-04-29 13:00:00,8,30
2421,2021-04-29 16:00:00,15,5
2422,2021-04-29 19:00:00,11,10
2423,2021-04-29 22:00:00,7,75
2424,2021-04-30 01:00:00,9,110
2425,2021-04-30 04:00:00,4,10
2426,2021-04-30 07:00:00,7,30
2427,2021-04-30 10:00:00,6,40
2428,2021-04-30 13:00:00,3,5
2429,2021-04-30 16:00:00,3,350
2430,2021-04-30 19:00:00,3,320
2431,2021-04-30 22:00:00,6,360
2432,2021-05-01 01:00:00,6,295
2433,2021-05-01 04:00:00,5,310
2434,2021-05-01 07:00:00,3,350
2435,2021-05-01 10:00:00,3,245
2436,2021-05-01 13:00:00,5,150
2437,2021-05-01 16:00:00,4,315
2438,2021-05-01 19:00:00,8,330
2439,2021-05-01 22:00:00,6,345
2440,2021-05-02 01:00:00,4,305
2441,2021-05-02 04:00:00,8,340
2442,2021-05-02 07:00:00,7,355
2443,2021-05-02 10:00:00,5,5
2444,2021-05-02 13:00:00,6,215
2445,2021-05-02 16:00:00,6,245
2446,2021-05-02 19:00:00,6,295
2447,2021-05-02 22:00:00,7,295
2448,2021-05-03 01:00:00,5,280
2449,2021-05-03 04:00:00,6,215
2450,2021-05-03 07:00:00,3,205
2451,2021-05-03 10:00:00,5,250
2452,2021-05-03 13:00:00,5,260
2453,2021-05-03 16:00:00,5,250
2454,2021-05-03 19:00:00,4,310
2455,2021-05-03 22:00:00,4,270
2456,2021-05-04 01:00:00,6,240
2457,2021-05-04 04:00:00,6,255
2458,2021-05-04 07:00:00,5,250
2459,2021-05-04 10:00:00,7,250
2460,2021-05-04 13:00:00,7,290
2461,2021-05-04 16:00:00,6,35
2462,2021-05-04 19:00:00,4,235
2463,2021-05-04 22:00:00,6,290
2464,2021-05-05 01:00:00,6,250
2465,2021-05-05 04:00:00,2,235
2466,2021-05-05 07:00:00,4,60
2467,2021-05-05 10:00:00,7,90
2468,2021-05-05 13:00:00,3,145
2469,2021-05-05 16:00:00,6,195
2470,2021-05-05 19:00:00,14,205
2471,2021-05-05 22:00:00,4,355
2472,2021-05-06 01:00:00,12,40
2473,2021-05-06 04:00:00,8,10
2474,2021-05-06 07:00:00,10,30
2475,2021-05-06 10:00:00,13,65
2476,2021-05-06 13:00:00,9,55
2477,2021-05-06 16:00:00,9,55
2478,2021-05-06 19:00:00,9,350
2479,2021-05-06 22:00:00,7,20
2480,2021-05-07 01:00:00,5,55
2481,2021-05-07 04:00:00,5,100
2482,2021-05-07 07:00:00,5,85
2483,2021-05-07 10:00:00,5,95
2484,2021-05-07 13:00:00,2,50
2485,2021-05-07 16:00:00,2,305
2486,2021-05-07 19:00:00,1,250
2487,2021-05-07 22:00:00,5,160
2488,2021-05-08 01:00:00,5,160
2489,2021-05-08 04:00:00,6,240
2490,2021-05-08 07:00:00,4,245
2491,2021-05-08 10:00:00,2,215
2492,2021-05-08 13:00:00,6,265
2493,2021-05-08 16:00:00,5,260
2494,2021-05-08 19:00:00,3,10
2495,2021-05-08 22:00:00,2,245
2496,2021-05-09 01:00:00,9,235
2497,2021-05-09 04:00:00,14,270
2498,2021-05-09 07:00:00,4,265
2499,2021-05-09 10:00:00,6,285
2500,2021-05-09 13:00:00,10,245
2501,2021-05-09 16:00:00,16,270
2502,2021-05-09 19:00:00,8,295
2503,2021-05-09 22:00:00,3,125
2504,2021-05-10 01:00:00,6,250
2505,2021-05-10 04:00:00,4,300
2506,2021-05-10 07:00:00,3,245
2507,2021-05-10 10:00:00,12,215
2508,2021-05-10 13:00:00,14,230
2509,2021-05-10 16:00:00,16,220
2510,2021-05-10 19:00:00,9,185
2511,2021-05-10 22:00:00,8,155
2512,2021-05-11 01:00:00,10,205
2513,2021-05-11 04:00:00,10,220
2514,2021-05-11 07:00:00,10,230
2515,2021-05-11 10:00:00,9,245
2516,2021-05-11 13:00:00,14,220
2517,2021-05-11 16:00:00,15,230
2518,2021-05-11 19:00:00,11,225
2519,2021-05-11 22:00:00,14,200
2520,2021-05-12 01:00:00,11,200
2521,2021-05-12 04:00:00,11,210
2522,2021-05-12 07:00:00,10,225
2523,2021-05-12 10:00:00,8,245
2524,2021-05-12 13:00:00,9,240
2525,2021-05-12 16:00:00,17,180
2526,2021-05-12 19:00:00,6,230
2527,2021-05-12 22:00:00,3,190
2528,2021-05-13 01:00:00,8,220
2529,2021-05-13 04:00:00,8,195
2530,2021-05-13 07:00:00,10,195
2531,2021-05-13 10:00:00,10,210
2532,2021-05-13 13:00:00,8,205
2533,2021-05-13 16:00:00,11,160
2534,2021-05-13 19:00:00,10,180
2535,2021-05-13 22:00:00,8,160
2536,2021-05-14 01:00:00,7,190
2537,2021-05-14 04:00:00,7,210
2538,2021-05-14 07:00:00,6,255
2539,2021-05-14 10:00:00,7,230
2540,2021-05-14 13:00:00,11,220
2541,2021-05-14 16:00:00,10,190
2542,2021-05-14 19:00:00,3,315
2543,2021-05-14 22:00:00,4,140
2544,2021-05-15 01:00:00,6,150
2545,2021-05-15 04:00:00,5,140
2546,2021-05-15 07:00:00,7,140
2547,2021-05-15 10:00:00,8,155
2548,2021-05-15 13:00:00,6,195
2549,2021-05-15 16:00:00,15,160
2550,2021-05-15 19:00:00,4,240
2551,2021-05-15 22:00:00,8,220
2552,2021-05-16 01:00:00,7,240
2553,2021-05-16 04:00:00,6,210
2554,2021-05-16 07:00:00,8,205
2555,2021-05-16 10:00:00,9,185
2556,2021-05-16 13:00:00,8,170
2557,2021-05-16 16:00:00,6,205
2558,2021-05-16 19:00:00,8,265
2559,2021-05-16 22:00:00,6,230
2560,2021-05-17 01:00:00,9,215
2561,2021-05-17 04:00:00,7,215
2562,2021-05-17 07:00:00,4,230
2563,2021-05-17 10:00:00,5,210
2564,2021-05-17 13:00:00,8,190
2565,2021-05-17 16:00:00,5,275
2566,2021-05-17 19:00:00,2,180
2567,2021-05-17 22:00:00,6,145
2568,2021-05-18 01:00:00,7,210
2569,2021-05-18 04:00:00,7,220
2570,2021-05-18 07:00:00,7,205
2571,2021-05-18 10:00:00,6,180
2572,2021-05-18 13:00:00,8,225
2573,2021-05-18 16:00:00,16,190
2574,2021-05-18 19:00:00,8,195
2575,2021-05-18 22:00:00,8,215
2576,2021-05-19 01:00:00,12,200
2577,2021-05-19 04:00:00,10,215
2578,2021-05-19 07:00:00,9,215
2579,2021-05-19 10:00:00,10,235
2580,2021-05-19 13:00:00,7,240
2581,2021-05-19 16:00:00,9,175
2582,2021-05-19 19:00:00,8,185
2583,2021-05-19 22:00:00,10,180
2584,2021-05-20 01:00:00,11,190
2585,2021-05-20 04:00:00,16,185
2586,2021-05-20 07:00:00,15,205
2587,2021-05-20 10:00:00,10,235
2588,2021-05-20 13:00:00,9,220
2589,2021-05-20 16:00:00,7,215
2590,2021-05-20 19:00:00,6,225
2591,2021-05-20 22:00:00,8,200
2592,2021-05-21 01:00:00,11,205
2593,2021-05-21 04:00:00,10,215
2594,2021-05-21 07:00:00,8,215
2595,2021-05-21 10:00:00,12,225
2596,2021-05-21 13:00:00,12,235
2597,2021-05-21 16:00:00,11,215
2598,2021-05-21 19:00:00,10,220
2599,2021-05-21 22:00:00,10,205
2600,2021-05-22 01:00:00,10,210
2601,2021-05-22 04:00:00,8,225
2602,2021-05-22 07:00:00,12,245
2603,2021-05-22 10:00:00,13,250
2604,2021-05-22 13:00:00,15,220
2605,2021-05-22 16:00:00,11,200
2606,2021-05-22 19:00:00,10,180
2607,2021-05-22 22:00:00,10,190
2608,2021-05-23 01:00:00,17,195
2609,2021-05-23 04:00:00,16,205
2610,2021-05-23 07:00:00,17,225
2611,2021-05-23 10:00:00,11,220
2612,2021-05-23 13:00:00,11,205
2613,2021-05-23 16:00:00,12,175
2614,2021-05-23 19:00:00,11,170
2615,2021-05-23 22:00:00,7,160
2616,2021-05-24 01:00:00,10,200
2617,2021-05-24 04:00:00,14,235
2618,2021-05-24 07:00:00,5,275
2619,2021-05-24 10:00:00,13,330
2620,2021-05-24 13:00:00,12,340
2621,2021-05-24 16:00:00,8,315
2622,2021-05-24 19:00:00,21,115
2623,2021-05-24 22:00:00,6,125
2624,2021-05-25 01:00:00,4,305
2625,2021-05-25 04:00:00,4,10
2626,2021-05-25 07:00:00,8,345
2627,2021-05-25 10:00:00,8,350
2628,2021-05-25 13:00:00,5,35
2629,2021-05-25 16:00:00,2,15
2630,2021-05-25 19:00:00,4,120
2631,2021-05-25 22:00:00,5,120
2632,2021-05-26 01:00:00,3,235
2633,2021-05-26 04:00:00,5,235
2634,2021-05-26 07:00:00,5,240
2635,2021-05-26 10:00:00,3,355
2636,2021-05-26 13:00:00,3,285
2637,2021-05-26 16:00:00,7,195
2638,2021-05-26 19:00:00,8,215
2639,2021-05-26 22:00:00,4,200
2640,2021-05-27 01:00:00,4,195
2641,2021-05-27 04:00:00,4,150
2642,2021-05-27 07:00:00,7,220
2643,2021-05-27 10:00:00,2,40
2644,2021-05-27 13:00:00,7,115
2645,2021-05-27 16:00:00,7,125
2646,2021-05-27 19:00:00,6,160
2647,2021-05-27 22:00:00,10,160
2648,2021-05-28 01:00:00,18,195
2649,2021-05-28 04:00:00,9,195
2650,2021-05-28 07:00:00,7,170
2651,2021-05-28 10:00:00,8,170
2652,2021-05-28 13:00:00,13,160
2653,2021-05-28 16:00:00,8,140
2654,2021-05-28 19:00:00,10,170
2655,2021-05-28 22:00:00,11,165
2656,2021-05-29 01:00:00,11,185
2657,2021-05-29 04:00:00,10,195
2658,2021-05-29 07:00:00,13,210
2659,2021-05-29 10:00:00,14,205
2660,2021-05-29 13:00:00,15,190
2661,2021-05-29 16:00:00,13,155
2662,2021-05-29 19:00:00,11,180
2663,2021-05-29 22:00:00,13,195
2664,2021-05-30 01:00:00,14,210
2665,2021-05-30 04:00:00,13,200
2666,2021-05-30 07:00:00,13,210
2667,2021-05-30 10:00:00,14,230
2668,2021-05-30 13:00:00,16,220
2669,2021-05-30 16:00:00,15,220
2670,2021-05-30 19:00:00,12,210
2671,2021-05-30 22:00:00,11,220
2672,2021-05-31 01:00:00,13,210
2673,2021-05-31 04:00:00,13,215
2674,2021-05-31 07:00:00,14,220
2675,2021-05-31 10:00:00,17,235
2676,2021-05-31 13:00:00,15,235
2677,2021-05-31 16:00:00,6,265
2678,2021-05-31 19:00:00,11,225
2679,2021-05-31 22:00:00,11,230
2680,2021-06-01 01:00:00,13,225
2681,2021-06-01 04:00:00,15,230
2682,2021-06-01 07:00:00,16,230
2683,2021-06-01 10:00:00,15,235
2684,2021-06-01 13:00:00,15,220
2685,2021-06-01 16:00:00,21,225
2686,2021-06-01 19:00:00,17,230
2687,2021-06-01 22:00:00,10,245
2688,2021-06-02 01:00:00,9,255
2689,2021-06-02 04:00:00,12,240
2690,2021-06-02 07:00:00,12,240
2691,2021-06-02 10:00:00,11,245
2692,2021-06-02 13:00:00,12,220
2693,2021-06-02 16:00:00,18,205
2694,2021-06-02 19:00:00,18,290
2695,2021-06-02 22:00:00,8,280
2696,2021-06-03 01:00:00,9,205
2697,2021-06-03 04:00:00,11,220
2698,2021-06-03 07:00:00,11,240
2699,2021-06-03 10:00:00,12,245
2700,2021-06-03 13:00:00,11,230
2701,2021-06-03 16:00:00,14,225
2702,2021-06-03 19:00:00,8,220
2703,2021-06-03 22:00:00,11,225
2704,2021-06-04 01:00:00,14,220
2705,2021-06-04 04:00:00,15,230
2706,2021-06-04 07:00:00,13,240
2707,2021-06-04 10:00:00,9,260
2708,2021-06-04 13:00:00,10,230
2709,2021-06-04 16:00:00,13,220
2710,2021-06-04 19:00:00,10,235
2711,2021-06-04 22:00:00,6,220
2712,2021-06-05 01:00:00,5,215
2713,2021-06-05 04:00:00,8,250
2714,2021-06-05 07:00:00,6,265
2715,2021-06-05 10:00:00,7,275
2716,2021-06-05 13:00:00,12,210
2717,2021-06-05 16:00:00,16,225
2718,2021-06-05 19:00:00,5,85
2719,2021-06-05 22:00:00,10,20
2720,2021-06-06 01:00:00,14,30
2721,2021-06-06 04:00:00,1,160
2722,2021-06-06 07:00:00,4,160
2723,2021-06-06 10:00:00,5,235
2724,2021-06-06 13:00:00,11,265
2725,2021-06-06 16:00:00,9,290
2726,2021-06-06 19:00:00,10,340
2727,2021-06-06 22:00:00,6,190
2728,2021-06-07 01:00:00,8,165
2729,2021-06-07 04:00:00,8,205
2730,2021-06-07 07:00:00,11,210
2731,2021-06-07 10:00:00,14,225
2732,2021-06-07 13:00:00,15,220
2733,2021-06-07 16:00:00,10,230
2734,2021-06-07 19:00:00,11,325
2735,2021-06-07 22:00:00,5,330
2736,2021-06-08 01:00:00,9,225
2737,2021-06-08 04:00:00,13,215
2738,2021-06-08 07:00:00,15,210
2739,2021-06-08 10:00:00,15,205
2740,2021-06-08 13:00:00,14,220
2741,2021-06-08 16:00:00,6,325
2742,2021-06-08 19:00:00,3,65
2743,2021-06-08 22:00:00,13,200
2744,2021-06-09 01:00:00,11,240
2745,2021-06-09 04:00:00,6,185
2746,2021-06-09 07:00:00,16,195
2747,2021-06-09 10:00:00,20,220
2748,2021-06-09 13:00:00,21,225
2749,2021-06-09 16:00:00,21,225
2750,2021-06-09 19:00:00,13,215
2751,2021-06-09 22:00:00,13,205
2752,2021-06-10 01:00:00,9,245
2753,2021-06-10 04:00:00,5,280
2754,2021-06-10 07:00:00,6,225
2755,2021-06-10 10:00:00,12,220
2756,2021-06-10 13:00:00,11,235
2757,2021-06-10 16:00:00,10,265
2758,2021-06-10 19:00:00,6,245
2759,2021-06-10 22:00:00,12,225
2760,2021-06-11 01:00:00,11,245
2761,2021-06-11 04:00:00,14,280
2762,2021-06-11 07:00:00,8,240
2763,2021-06-11 10:00:00,9,245
2764,2021-06-11 13:00:00,13,235
2765,2021-06-11 16:00:00,12,240
2766,2021-06-11 19:00:00,7,225
2767,2021-06-11 22:00:00,6,240
2768,2021-06-12 01:00:00,11,230
2769,2021-06-12 04:00:00,12,230
2770,2021-06-12 07:00:00,9,245
2771,2021-06-12 10:00:00,7,300
2772,2021-06-12 13:00:00,10,200
2773,2021-06-12 16:00:00,12,235
2774,2021-06-12 19:00:00,13,215
2775,2021-06-12 22:00:00,15,215
2776,2021-06-13 01:00:00,16,215
2777,2021-06-13 04:00:00,17,220
2778,2021-06-13 07:00:00,16,225
2779,2021-06-13 10:00:00,17,220
2780,2021-06-13 13:00:00,19,215
2781,2021-06-13 16:00:00,22,220
2782,2021-06-13 19:00:00,17,215
2783,2021-06-13 22:00:00,17,195
2784,2021-06-14 01:00:00,18,210
2785,2021-06-14 04:00:00,17,220
2786,2021-06-14 07:00:00,16,215
2787,2021-06-14 10:00:00,20,235
2788,2021-06-14 13:00:00,17,230
2789,2021-06-14 16:00:00,11,260
2790,2021-06-14 19:00:00,7,270
2791,2021-06-14 22:00:00,15,220
2792,2021-06-15 01:00:00,19,225
2793,2021-06-15 04:00:00,13,235
2794,2021-06-15 07:00:00,11,225
2795,2021-06-15 10:00:00,16,235
2796,2021-06-15 13:00:00,15,225
2797,2021-06-15 16:00:00,15,225
2798,2021-06-15 19:00:00,11,220
2799,2021-06-15 22:00:00,19,230
2800,2021-06-16 01:00:00,17,225
2801,2021-06-16 04:00:00,12,225
2802,2021-06-16 07:00:00,10,200
2803,2021-06-16 10:00:00,17,210
2804,2021-06-16 13:00:00,18,225
2805,2021-06-16 16:00:00,22,230
2806,2021-06-16 19:00:00,13,230
2807,2021-06-16 22:00:00,17,220
2808,2021-06-17 01:00:00,13,235
2809,2021-06-17 04:00:00,10,215
2810,2021-06-17 07:00:00,7,250
2811,2021-06-17 10:00:00,13,250
2812,2021-06-17 13:00:00,15,255
2813,2021-06-17 16:00:00,17,240
2814,2021-06-17 19:00:00,10,245
2815,2021-06-17 22:00:00,7,245
2816,2021-06-18 01:00:00,7,245
2817,2021-06-18 04:00:00,7,240
2818,2021-06-18 07:00:00,7,270
2819,2021-06-18 10:00:00,10,295
2820,2021-06-18 13:00:00,10,270
2821,2021-06-18 16:00:00,6,245
2822,2021-06-18 19:00:00,9,235
2823,2021-06-18 22:00:00,6,240
2824,2021-06-19 01:00:00,10,245
2825,2021-06-19 04:00:00,13,235
2826,2021-06-19 07:00:00,12,250
2827,2021-06-19 10:00:00,16,280
2828,2021-06-19 13:00:00,15,275
2829,2021-06-19 16:00:00,17,280
2830,2021-06-19 19:00:00,12,250
2831,2021-06-19 22:00:00,12,250
2832,2021-06-20 01:00:00,10,245
2833,2021-06-20 04:00:00,11,235
2834,2021-06-20 07:00:00,10,245
2835,2021-06-20 10:00:00,14,255
2836,2021-06-20 13:00:00,15,265
2837,2021-06-20 16:00:00,16,275
2838,2021-06-20 19:00:00,17,250
2839,2021-06-20 22:00:00,11,255
2840,2021-06-21 01:00:00,10,245
2841,2021-06-21 04:00:00,11,240
2842,2021-06-21 07:00:00,12,235
2843,2021-06-21 10:00:00,16,265
2844,2021-06-21 13:00:00,14,270
2845,2021-06-21 16:00:00,11,255
2846,2021-06-21 19:00:00,22,260
2847,2021-06-21 22:00:00,11,200
2848,2021-06-22 01:00:00,15,215
2849,2021-06-22 04:00:00,8,210
2850,2021-06-22 07:00:00,12,220
2851,2021-06-22 10:00:00,8,255
2852,2021-06-22 13:00:00,9,235
2853,2021-06-22 16:00:00,8,235
2854,2021-06-22 19:00:00,15,210
2855,2021-06-22 22:00:00,13,175
2856,2021-06-23 01:00:00,14,210
2857,2021-06-23 04:00:00,10,220
2858,2021-06-23 07:00:00,13,220
2859,2021-06-23 10:00:00,13,255
2860,2021-06-23 13:00:00,10,245
2861,2021-06-23 16:00:00,11,225
2862,2021-06-23 19:00:00,18,255
2863,2021-06-23 22:00:00,4,330
2864,2021-06-24 01:00:00,13,225
2865,2021-06-24 04:00:00,17,220
2866,2021-06-24 07:00:00,10,230
2867,2021-06-24 10:00:00,6,290
2868,2021-06-24 13:00:00,3,245
2869,2021-06-24 16:00:00,7,245
2870,2021-06-24 19:00:00,8,195
2871,2021-06-24 22:00:00,14,210
2872,2021-06-25 01:00:00,12,210
2873,2021-06-25 04:00:00,13,215
2874,2021-06-25 07:00:00,12,220
2875,2021-06-25 10:00:00,9,260
2876,2021-06-25 13:00:00,7,235
2877,2021-06-25 16:00:00,11,170
2878,2021-06-25 19:00:00,9,175
2879,2021-06-25 22:00:00,9,190
2880,2021-06-26 01:00:00,9,200
2881,2021-06-26 04:00:00,8,195
2882,2021-06-26 07:00:00,10,205
2883,2021-06-26 10:00:00,16,210
2884,2021-06-26 13:00:00,15,205
2885,2021-06-26 16:00:00,5,195
2886,2021-06-26 19:00:00,8,225
2887,2021-06-26 22:00:00,10,200
2888,2021-06-27 01:00:00,13,220
2889,2021-06-27 04:00:00,13,210
2890,2021-06-27 07:00:00,12,205
2891,2021-06-27 10:00:00,18,220
2892,2021-06-27 13:00:00,18,215
2893,2021-06-27 16:00:00,17,235
2894,2021-06-27 19:00:00,16,275
2895,2021-06-27 22:00:00,7,275
2896,2021-06-28 01:00:00,11,215
2897,2021-06-28 04:00:00,17,225
2898,2021-06-28 07:00:00,14,210
2899,2021-06-28 10:00:00,14,195
2900,2021-06-28 13:00:00,19,220
2901,2021-06-28 16:00:00,21,235
2902,2021-06-28 19:00:00,14,230
2903,2021-06-28 22:00:00,12,215
2904,2021-06-29 01:00:00,12,205
2905,2021-06-29 04:00:00,15,215
2906,2021-06-29 07:00:00,12,210
2907,2021-06-29 10:00:00,16,230
2908,2021-06-29 13:00:00,16,235
2909,2021-06-29 16:00:00,18,230
2910,2021-06-29 19:00:00,15,230
2911,2021-06-29 22:00:00,13,220
2912,2021-06-30 01:00:00,14,220
2913,2021-06-30 04:00:00,15,205
2914,2021-06-30 07:00:00,16,220
2915,2021-06-30 10:00:00,15,235
2916,2021-06-30 13:00:00,17,230
2917,2021-06-30 16:00:00,20,240
2918,2021-06-30 19:00:00,11,255
2919,2021-06-30 22:00:00,8,225
2920,2021-07-01 01:00:00,11,195
2921,2021-07-01 04:00:00,13,215
2922,2021-07-01 07:00:00,14,215
2923,2021-07-01 10:00:00,16,235
2924,2021-07-01 13:00:00,16,220
2925,2021-07-01 16:00:00,22,225
2926,2021-07-01 19:00:00,13,260
2927,2021-07-01 22:00:00,6,315
